DriverId,raceName,raceAddress,Stint_Compound_1,Stint_Laps_1,Stint_Compound_2,Stint_Laps_2,Stint_Compound_3,Stint_Laps_3,Stint_Compound_4,Stint_Laps_4,Stint_Compound_5,Stint_Laps_5,Stint_Compound_6,Stint_Laps_6,positionStart,positionFinish,raceLength,raceTurns,raceLaps,raceCondition,Year
hamilton,Abu Dhabi Grand Prix,Yas Marina Circuit - Yas Island - Abu Dhabi - United Arab Emirates,Super soft,10,Soft,21,Soft,24,,,,,,,2,1,5.554 km,21,55,Dry,2014
massa,Abu Dhabi Grand Prix,Yas Marina Circuit - Yas Island - Abu Dhabi - United Arab Emirates,Super soft,13,Soft,30,Super soft,12,,,,,,,4,2,5.554 km,21,55,Dry,2014
bottas,Abu Dhabi Grand Prix,Yas Marina Circuit - Yas Island - Abu Dhabi - United Arab Emirates,Super soft,10,Soft,25,Soft,20,,,,,,,3,3,5.554 km,21,55,Dry,2014
ricciardo,Abu Dhabi Grand Prix,Yas Marina Circuit - Yas Island - Abu Dhabi - United Arab Emirates,Soft,27,Soft,20,Super soft,8,,,,,,,20,4,5.554 km,21,55,Dry,2014
button,Abu Dhabi Grand Prix,Yas Marina Circuit - Yas Island - Abu Dhabi - United Arab Emirates,Super soft,6,Soft,22,Soft,27,,,,,,,6,5,5.554 km,21,55,Dry,2014
Nico Hulkenberg,Abu Dhabi Grand Prix,Yas Marina Circuit - Yas Island - Abu Dhabi - United Arab Emirates,Soft,15,Soft,22,Super soft,18,,,,,,,12,6,5.554 km,21,55,Dry,2014
Sergio Perez,Abu Dhabi Grand Prix,Yas Marina Circuit - Yas Island - Abu Dhabi - United Arab Emirates,Soft,14,Soft,27,Super soft,14,,,,,,,11,7,5.554 km,21,55,Dry,2014
vettel,Abu Dhabi Grand Prix,Yas Marina Circuit - Yas Island - Abu Dhabi - United Arab Emirates,Soft,21,Soft,25,Super soft,9,,,,,,,19,8,5.554 km,21,55,Dry,2014
alonso,Abu Dhabi Grand Prix,Yas Marina Circuit - Yas Island - Abu Dhabi - United Arab Emirates,Super soft,5,Soft,22,Soft,28,,,,,,,8,9,5.554 km,21,55,Dry,2014
Kimi Raikkonen,Abu Dhabi Grand Prix,Yas Marina Circuit - Yas Island - Abu Dhabi - United Arab Emirates,Super soft,6,Soft,20,Soft,29,,,,,,,7,10,5.554 km,21,55,Dry,2014
kevin_magnussen,Abu Dhabi Grand Prix,Yas Marina Circuit - Yas Island - Abu Dhabi - United Arab Emirates,Soft,21,Super soft,8,Soft,27,,,,,,,9,11,5.554 km,21,55,Dry,2014
Jean-Eric Vergne,Abu Dhabi Grand Prix,Yas Marina Circuit - Yas Island - Abu Dhabi - United Arab Emirates,Soft,13,Soft,17,Soft,14,Super soft,11,,,,,10,12,5.554 km,21,55,Dry,2014
grosjean,Abu Dhabi Grand Prix,Yas Marina Circuit - Yas Island - Abu Dhabi - United Arab Emirates,Super soft,8,Super soft,13,Soft,33,Soft,1,,,,,18,13,5.554 km,21,55,Dry,2014
rosberg,Abu Dhabi Grand Prix,Yas Marina Circuit - Yas Island - Abu Dhabi - United Arab Emirates,Super soft,11,Soft,23,Soft,20,,,,,,,1,14,5.554 km,21,55,Dry,2014
Esteban Gutierrez,Abu Dhabi Grand Prix,Yas Marina Circuit - Yas Island - Abu Dhabi - United Arab Emirates,Super soft,7,Soft,21,Soft,26,,,,,,,14,15,5.554 km,21,55,Dry,2014
sutil,Abu Dhabi Grand Prix,Yas Marina Circuit - Yas Island - Abu Dhabi - United Arab Emirates,Super soft,5,Soft,17,Soft,15,Soft,17,,,,,13,16,5.554 km,21,55,Dry,2014
kobayashi,Abu Dhabi Grand Prix,Yas Marina Circuit - Yas Island - Abu Dhabi - United Arab Emirates,Super soft,15,Soft,21,Super soft,6,,,,,,,16,DNF,5.554 km,21,55,Dry,2014
maldonado,Abu Dhabi Grand Prix,Yas Marina Circuit - Yas Island - Abu Dhabi - United Arab Emirates,Super soft,7,Soft,19,,,,,,,,,15,DNF,5.554 km,21,55,Dry,2014
kvyat,Abu Dhabi Grand Prix,Yas Marina Circuit - Yas Island - Abu Dhabi - United Arab Emirates,Super soft,6,Soft,8,,,,,,,,,5,DNF,5.554 km,21,55,Dry,2014
rosberg,Australian Grand Prix,"12 Aughtie Dr, Albert Park VIC 3206, Australia",Soft,12,Soft,26,Medium,19,,,,,,,3,1,5.303 km,14,58,Dry,2014
kevin_magnussen,Australian Grand Prix,"12 Aughtie Dr, Albert Park VIC 3206, Australia",Soft,12,Soft,25,Medium,20,,,,,,,4,2,5.303 km,14,58,Dry,2014
button,Australian Grand Prix,"12 Aughtie Dr, Albert Park VIC 3206, Australia",Soft,11,Soft,21,Medium,25,,,,,,,10,3,5.303 km,14,58,Dry,2014
alonso,Australian Grand Prix,"12 Aughtie Dr, Albert Park VIC 3206, Australia",Soft,12,Soft,23,Medium,22,,,,,,,5,4,5.303 km,14,58,Dry,2014
bottas,Australian Grand Prix,"12 Aughtie Dr, Albert Park VIC 3206, Australia",Soft,10,Soft,26,Medium,21,,,,,,,15,5,5.303 km,14,58,Dry,2014
Nico Hulkenberg,Australian Grand Prix,"12 Aughtie Dr, Albert Park VIC 3206, Australia",Soft,12,Soft,21,Medium,24,,,,,,,7,6,5.303 km,14,58,Dry,2014
Kimi Raikkonen,Australian Grand Prix,"12 Aughtie Dr, Albert Park VIC 3206, Australia",Soft,12,Soft,24,Medium,21,,,,,,,11,7,5.303 km,14,58,Dry,2014
Jean-Eric Vergne,Australian Grand Prix,"12 Aughtie Dr, Albert Park VIC 3206, Australia",Soft,12,Soft,21,Medium,24,,,,,,,6,8,5.303 km,14,58,Dry,2014
kvyat,Australian Grand Prix,"12 Aughtie Dr, Albert Park VIC 3206, Australia",Soft,12,Medium,24,Soft,21,,,,,,,8,9,5.303 km,14,58,Dry,2014
Sergio Perez,Australian Grand Prix,"12 Aughtie Dr, Albert Park VIC 3206, Australia",Soft,1,Medium,10,Soft,21,Soft,25,,,,,16,10,5.303 km,14,58,Dry,2014
sutil,Australian Grand Prix,"12 Aughtie Dr, Albert Park VIC 3206, Australia",Soft,35,Medium,21,,,,,,,,,13,11,5.303 km,14,58,Dry,2014
Esteban Gutierrez,Australian Grand Prix,"12 Aughtie Dr, Albert Park VIC 3206, Australia",Medium,1,Soft,29,Soft,26,,,,,,,20,12,5.303 km,14,58,Dry,2014
chilton,Australian Grand Prix,"12 Aughtie Dr, Albert Park VIC 3206, Australia",Soft,24,Soft,17,Medium,14,,,,,,,17,13,5.303 km,14,58,Dry,2014
jules_bianchi,Australian Grand Prix,"12 Aughtie Dr, Albert Park VIC 3206, Australia",Soft,20,Soft,15,Medium,14,,,,,,,18,DNF,5.303 km,14,58,Dry,2014
grosjean,Australian Grand Prix,"12 Aughtie Dr, Albert Park VIC 3206, Australia",Soft,28,Soft,15,,,,,,,,,PIT,DNF,5.303 km,14,58,Dry,2014
maldonado,Australian Grand Prix,"12 Aughtie Dr, Albert Park VIC 3206, Australia",Soft,29,Soft,1,,,,,,,,,21,DNF,5.303 km,14,58,Dry,2014
ericsson,Australian Grand Prix,"12 Aughtie Dr, Albert Park VIC 3206, Australia",Soft,23,Soft,4,,,,,,,,,19,DNF,5.303 km,14,58,Dry,2014
vettel,Australian Grand Prix,"12 Aughtie Dr, Albert Park VIC 3206, Australia",Medium,3,,,,,,,,,,,12,DNF,5.303 km,14,58,Dry,2014
hamilton,Australian Grand Prix,"12 Aughtie Dr, Albert Park VIC 3206, Australia",Soft,1,,,,,,,,,,,1,DNF,5.303 km,14,58,Dry,2014
massa,Australian Grand Prix,"12 Aughtie Dr, Albert Park VIC 3206, Australia",,,,,,,,,,,,,9,DNF,5.303 km,14,58,Dry,2014
kobayashi,Australian Grand Prix,"12 Aughtie Dr, Albert Park VIC 3206, Australia",,,,,,,,,,,,,14,DNF,5.303 km,14,58,Dry,2014
ricciardo,Australian Grand Prix,"12 Aughtie Dr, Albert Park VIC 3206, Australia",Soft,12,Soft,24,Medium,21,,,,,,,2,DNF,5.303 km,14,58,Dry,2014
rosberg,Austrian Grand Prix,"Red Bull Ring Str. 1, 8724 Spielberg, Austria",Super soft,11,Soft,29,Soft,31,,,,,,,3,1,4.326 km,10,71,Dry,2014
hamilton,Austrian Grand Prix,"Red Bull Ring Str. 1, 8724 Spielberg, Austria",Super soft,13,Soft,26,Soft,32,,,,,,,9,2,4.326 km,10,71,Dry,2014
bottas,Austrian Grand Prix,"Red Bull Ring Str. 1, 8724 Spielberg, Austria",Super soft,15,Soft,26,Soft,30,,,,,,,2,3,4.326 km,10,71,Dry,2014
massa,Austrian Grand Prix,"Red Bull Ring Str. 1, 8724 Spielberg, Austria",Super soft,14,Soft,29,Soft,28,,,,,,,1,4,4.326 km,10,71,Dry,2014
alonso,Austrian Grand Prix,"Red Bull Ring Str. 1, 8724 Spielberg, Austria",Super soft,14,Soft,33,Soft,24,,,,,,,4,5,4.326 km,10,71,Dry,2014
Sergio Perez,Austrian Grand Prix,"Red Bull Ring Str. 1, 8724 Spielberg, Austria",Soft,29,Soft,26,Super soft,16,,,,,,,15,6,4.326 km,10,71,Dry,2014
kevin_magnussen,Austrian Grand Prix,"Red Bull Ring Str. 1, 8724 Spielberg, Austria",Super soft,10,Soft,30,Soft,31,,,,,,,6,7,4.326 km,10,71,Dry,2014
ricciardo,Austrian Grand Prix,"Red Bull Ring Str. 1, 8724 Spielberg, Austria",Super soft,10,Soft,33,Soft,28,,,,,,,5,8,4.326 km,10,71,Dry,2014
Nico Hulkenberg,Austrian Grand Prix,"Red Bull Ring Str. 1, 8724 Spielberg, Austria",Super soft,9,Soft,30,Soft,32,,,,,,,10,9,4.326 km,10,71,Dry,2014
Kimi Raikkonen,Austrian Grand Prix,"Red Bull Ring Str. 1, 8724 Spielberg, Austria",Super soft,15,Soft,29,Soft,27,,,,,,,8,10,4.326 km,10,71,Dry,2014
button,Austrian Grand Prix,"Red Bull Ring Str. 1, 8724 Spielberg, Austria",Soft,27,Soft,31,Super soft,13,,,,,,,11,11,4.326 km,10,71,Dry,2014
maldonado,Austrian Grand Prix,"Red Bull Ring Str. 1, 8724 Spielberg, Austria",Soft,26,Soft,30,Super soft,14,,,,,,,13,12,4.326 km,10,71,Dry,2014
sutil,Austrian Grand Prix,"Red Bull Ring Str. 1, 8724 Spielberg, Austria",Super soft,11,Soft,32,Soft,27,,,,,,,16,13,4.326 km,10,71,Dry,2014
grosjean,Austrian Grand Prix,"Red Bull Ring Str. 1, 8724 Spielberg, Austria",Super soft,3,Soft,24,Soft,43,,,,,,,PIT,14,4.326 km,10,71,Dry,2014
jules_bianchi,Austrian Grand Prix,"Red Bull Ring Str. 1, 8724 Spielberg, Austria",Soft,40,Super soft,29,,,,,,,,,18,15,4.326 km,10,71,Dry,2014
kobayashi,Austrian Grand Prix,"Red Bull Ring Str. 1, 8724 Spielberg, Austria",Super soft,14,Soft,55,,,,,,,,,19,16,4.326 km,10,71,Dry,2014
chilton,Austrian Grand Prix,"Red Bull Ring Str. 1, 8724 Spielberg, Austria",Soft,37,Super soft,32,,,,,,,,,21,17,4.326 km,10,71,Dry,2014
ericsson,Austrian Grand Prix,"Red Bull Ring Str. 1, 8724 Spielberg, Austria",Soft,28,Super soft,15,Soft,26,,,,,,,20,18,4.326 km,10,71,Dry,2014
Esteban Gutierrez,Austrian Grand Prix,"Red Bull Ring Str. 1, 8724 Spielberg, Austria",Super soft,12,Soft,33,Soft,24,,,,,,,17,19,4.326 km,10,71,Dry,2014
Jean-Eric Vergne,Austrian Grand Prix,"Red Bull Ring Str. 1, 8724 Spielberg, Austria",Super soft,8,Soft,31,Soft,20,,,,,,,14,DNF,4.326 km,10,71,Dry,2014
vettel,Austrian Grand Prix,"Red Bull Ring Str. 1, 8724 Spielberg, Austria",Super soft,20,Soft,8,Soft,6,,,,,,,12,DNF,4.326 km,10,71,Dry,2014
kvyat,Austrian Grand Prix,"Red Bull Ring Str. 1, 8724 Spielberg, Austria",Super soft,10,Soft,14,,,,,,,,,7,DNF,4.326 km,10,71,Dry,2014
hamilton,Bahrain Grand Prix,"Gate 255, Gulf of Bahrain Avenue Umm Jidar, Sakhir? 1062, Bahrain",Soft,19,Soft,22,Medium,16,,,,,,,2,1,5.412 km,15,57,Dry,2014
rosberg,Bahrain Grand Prix,"Gate 255, Gulf of Bahrain Avenue Umm Jidar, Sakhir? 1062, Bahrain",Soft,21,Medium,20,Soft,16,,,,,,,1,2,5.412 km,15,57,Dry,2014
Sergio Perez,Bahrain Grand Prix,"Gate 255, Gulf of Bahrain Avenue Umm Jidar, Sakhir? 1062, Bahrain",Soft,16,Soft,18,Medium,23,,,,,,,4,3,5.412 km,15,57,Dry,2014
ricciardo,Bahrain Grand Prix,"Gate 255, Gulf of Bahrain Avenue Umm Jidar, Sakhir? 1062, Bahrain",Soft,18,Medium,17,Soft,22,,,,,,,13,4,5.412 km,15,57,Dry,2014
Nico Hulkenberg,Bahrain Grand Prix,"Gate 255, Gulf of Bahrain Avenue Umm Jidar, Sakhir? 1062, Bahrain",Soft,15,Soft,20,Medium,22,,,,,,,11,5,5.412 km,15,57,Dry,2014
vettel,Bahrain Grand Prix,"Gate 255, Gulf of Bahrain Avenue Umm Jidar, Sakhir? 1062, Bahrain",Medium,16,Soft,18,Soft,23,,,,,,,10,6,5.412 km,15,57,Dry,2014
massa,Bahrain Grand Prix,"Gate 255, Gulf of Bahrain Avenue Umm Jidar, Sakhir? 1062, Bahrain",Soft,13,Soft,15,Soft,10,Medium,19,,,,,7,7,5.412 km,15,57,Dry,2014
bottas,Bahrain Grand Prix,"Gate 255, Gulf of Bahrain Avenue Umm Jidar, Sakhir? 1062, Bahrain",Soft,10,Soft,15,Soft,15,Medium,17,,,,,3,8,5.412 km,15,57,Dry,2014
alonso,Bahrain Grand Prix,"Gate 255, Gulf of Bahrain Avenue Umm Jidar, Sakhir? 1062, Bahrain",Soft,12,Soft,16,Medium,13,Medium,16,,,,,9,9,5.412 km,15,57,Dry,2014
Kimi Raikkonen,Bahrain Grand Prix,"Gate 255, Gulf of Bahrain Avenue Umm Jidar, Sakhir? 1062, Bahrain",Soft,13,Soft,20,Medium,8,Medium,16,,,,,5,10,5.412 km,15,57,Dry,2014
kvyat,Bahrain Grand Prix,"Gate 255, Gulf of Bahrain Avenue Umm Jidar, Sakhir? 1062, Bahrain",Soft,10,Soft,14,Medium,15,Soft,18,,,,,12,11,5.412 km,15,57,Dry,2014
grosjean,Bahrain Grand Prix,"Gate 255, Gulf of Bahrain Avenue Umm Jidar, Sakhir? 1062, Bahrain",Soft,13,Soft,15,Medium,9,Soft,20,,,,,16,12,5.412 km,15,57,Dry,2014
chilton,Bahrain Grand Prix,"Gate 255, Gulf of Bahrain Avenue Umm Jidar, Sakhir? 1062, Bahrain",Soft,11,Soft,17,Medium,12,Soft,17,,,,,21,13,5.412 km,15,57,Dry,2014
maldonado,Bahrain Grand Prix,"Gate 255, Gulf of Bahrain Avenue Umm Jidar, Sakhir? 1062, Bahrain",Soft,19,Soft,20,Medium,1,Soft,17,,,,,17,14,5.412 km,15,57,Dry,2014
kobayashi,Bahrain Grand Prix,"Gate 255, Gulf of Bahrain Avenue Umm Jidar, Sakhir? 1062, Bahrain",Soft,15,Soft,20,Medium,22,,,,,,,18,15,5.412 km,15,57,Dry,2014
jules_bianchi,Bahrain Grand Prix,"Gate 255, Gulf of Bahrain Avenue Umm Jidar, Sakhir? 1062, Bahrain",Soft,10,Soft,3,Medium,18,Soft,9,Medium,16,,,19,16,5.412 km,15,57,Dry,2014
button,Bahrain Grand Prix,"Gate 255, Gulf of Bahrain Avenue Umm Jidar, Sakhir? 1062, Bahrain",Soft,17,Soft,18,Medium,20,,,,,,,6,17,5.412 km,15,57,Dry,2014
kevin_magnussen,Bahrain Grand Prix,"Gate 255, Gulf of Bahrain Avenue Umm Jidar, Sakhir? 1062, Bahrain",Soft,14,Soft,11,Soft,13,Medium,2,,,,,8,DNF,5.412 km,15,57,Dry,2014
Esteban Gutierrez,Bahrain Grand Prix,"Gate 255, Gulf of Bahrain Avenue Umm Jidar, Sakhir? 1062, Bahrain",Soft,12,Soft,15,Soft,12,,,,,,,15,DNF,5.412 km,15,57,Dry,2014
ericsson,Bahrain Grand Prix,"Gate 255, Gulf of Bahrain Avenue Umm Jidar, Sakhir? 1062, Bahrain",Soft,11,Soft,15,Soft,7,,,,,,,20,DNF,5.412 km,15,57,Dry,2014
Jean-Eric Vergne,Bahrain Grand Prix,"Gate 255, Gulf of Bahrain Avenue Umm Jidar, Sakhir? 1062, Bahrain",Soft,1,Medium,13,Soft,4,,,,,,,14,DNF,5.412 km,15,57,Dry,2014
sutil,Bahrain Grand Prix,"Gate 255, Gulf of Bahrain Avenue Umm Jidar, Sakhir? 1062, Bahrain",Medium,7,Soft,6,Soft,4,,,,,,,22,DNF,5.412 km,15,57,Dry,2014
ricciardo,Belgian Grand Prix,"Rte du Circuit 55, 4970 Stavelot, Belgium",Soft,11,Soft,16,Medium,17,,,,,,,5,1,7.004 km,20,53,Dry,2014
rosberg,Belgian Grand Prix,"Rte du Circuit 55, 4970 Stavelot, Belgium",Soft,8,Medium,11,Medium,15,Soft,10,,,,,1,2,7.004 km,20,53,Dry,2014
bottas,Belgian Grand Prix,"Rte du Circuit 55, 4970 Stavelot, Belgium",Soft,12,Soft,16,Medium,16,,,,,,,6,3,7.004 km,20,53,Dry,2014
Kimi Raikkonen,Belgian Grand Prix,"Rte du Circuit 55, 4970 Stavelot, Belgium",Soft,8,Soft,13,Medium,23,,,,,,,8,4,7.004 km,20,53,Dry,2014
vettel,Belgian Grand Prix,"Rte du Circuit 55, 4970 Stavelot, Belgium",Soft,10,Soft,12,Medium,12,Soft,10,,,,,3,5,7.004 km,20,53,Dry,2014
button,Belgian Grand Prix,"Rte du Circuit 55, 4970 Stavelot, Belgium",Soft,13,Soft,16,Medium,15,,,,,,,10,6,7.004 km,20,53,Dry,2014
alonso,Belgian Grand Prix,"Rte du Circuit 55, 4970 Stavelot, Belgium",Soft,12,Soft,13,Medium,19,,,,,,,4,7,7.004 km,20,53,Dry,2014
Sergio Perez,Belgian Grand Prix,"Rte du Circuit 55, 4970 Stavelot, Belgium",Soft,9,Soft,13,Medium,22,,,,,,,13,8,7.004 km,20,53,Dry,2014
kvyat,Belgian Grand Prix,"Rte du Circuit 55, 4970 Stavelot, Belgium",Soft,10,Soft,14,Medium,20,,,,,,,11,9,7.004 km,20,53,Dry,2014
Nico Hulkenberg,Belgian Grand Prix,"Rte du Circuit 55, 4970 Stavelot, Belgium",Soft,10,Medium,20,Soft,14,,,,,,,18,10,7.004 km,20,53,Dry,2014
Jean-Eric Vergne,Belgian Grand Prix,"Rte du Circuit 55, 4970 Stavelot, Belgium",Soft,15,Medium,14,Soft,15,,,,,,,12,11,7.004 km,20,53,Dry,2014
kevin_magnussen,Belgian Grand Prix,"Rte du Circuit 55, 4970 Stavelot, Belgium",Soft,11,Soft,12,Medium,21,,,,,,,7,12,7.004 km,20,53,Dry,2014
massa,Belgian Grand Prix,"Rte du Circuit 55, 4970 Stavelot, Belgium",Soft,9,Medium,12,Soft,14,Soft,9,,,,,9,13,7.004 km,20,53,Dry,2014
sutil,Belgian Grand Prix,"Rte du Circuit 55, 4970 Stavelot, Belgium",Medium,11,Soft,10,Soft,13,Soft,10,,,,,14,14,7.004 km,20,53,Dry,2014
Esteban Gutierrez,Belgian Grand Prix,"Rte du Circuit 55, 4970 Stavelot, Belgium",Soft,14,Soft,16,Medium,14,,,,,,,20,15,7.004 km,20,53,Dry,2014
chilton,Belgian Grand Prix,"Rte du Circuit 55, 4970 Stavelot, Belgium",Soft,11,Medium,18,Soft,14,,,,,,,19,16,7.004 km,20,53,Dry,2014
ericsson,Belgian Grand Prix,"Rte du Circuit 55, 4970 Stavelot, Belgium",Soft,11,Medium,13,Soft,19,,,,,,,22,17,7.004 km,20,53,Dry,2014
jules_bianchi,Belgian Grand Prix,"Rte du Circuit 55, 4970 Stavelot, Belgium",Soft,1,Soft,22,Medium,16,,,,,,,16,18,7.004 km,20,53,Dry,2014
hamilton,Belgian Grand Prix,"Rte du Circuit 55, 4970 Stavelot, Belgium",Soft,2,Medium,15,Soft,14,Medium,7,,,,,2,DNF,7.004 km,20,53,Dry,2014
grosjean,Belgian Grand Prix,"Rte du Circuit 55, 4970 Stavelot, Belgium",Soft,1,Medium,12,Soft,14,Soft,6,,,,,15,DNF,7.004 km,20,53,Dry,2014
maldonado,Belgian Grand Prix,"Rte du Circuit 55, 4970 Stavelot, Belgium",Soft,1,,,,,,,,,,,17,DNF,7.004 km,20,53,Dry,2014
Andre Lotterer,Belgian Grand Prix,"Rte du Circuit 55, 4970 Stavelot, Belgium",Soft,1,,,,,,,,,,,21,DNF,7.004 km,20,53,Dry,2014
rosberg,Brazilian Grand Prix,"Av. Sen. Teot么nio Vilela, 261 - Interlagos, S茫o Paulo - SP, 04801-010, Brazil",Soft,7,Medium,19,Medium,24,Medium,21,,,,,1,1,4.309 km,15,71,Dry,2014
hamilton,Brazilian Grand Prix,"Av. Sen. Teot么nio Vilela, 261 - Interlagos, S茫o Paulo - SP, 04801-010, Brazil",Soft,8,Medium,20,Medium,23,Medium,20,,,,,2,2,4.309 km,15,71,Dry,2014
massa,Brazilian Grand Prix,"Av. Sen. Teot么nio Vilela, 261 - Interlagos, S茫o Paulo - SP, 04801-010, Brazil",Soft,5,Medium,20,Medium,25,Medium,21,,,,,3,3,4.309 km,15,71,Dry,2014
button,Brazilian Grand Prix,"Av. Sen. Teot么nio Vilela, 261 - Interlagos, S茫o Paulo - SP, 04801-010, Brazil",Soft,6,Medium,21,Medium,23,Medium,21,,,,,5,4,4.309 km,15,71,Dry,2014
vettel,Brazilian Grand Prix,"Av. Sen. Teot么nio Vilela, 261 - Interlagos, S茫o Paulo - SP, 04801-010, Brazil",Soft,6,Medium,18,Medium,24,Medium,23,,,,,6,5,4.309 km,15,71,Dry,2014
alonso,Brazilian Grand Prix,"Av. Sen. Teot么nio Vilela, 261 - Interlagos, S茫o Paulo - SP, 04801-010, Brazil",Soft,7,Medium,21,Medium,24,Medium,19,,,,,8,6,4.309 km,15,71,Dry,2014
Kimi Raikkonen,Brazilian Grand Prix,"Av. Sen. Teot么nio Vilela, 261 - Interlagos, S茫o Paulo - SP, 04801-010, Brazil",Soft,8,Medium,27,Medium,36,,,,,,,10,7,4.309 km,15,71,Dry,2014
Nico Hulkenberg,Brazilian Grand Prix,"Av. Sen. Teot么nio Vilela, 261 - Interlagos, S茫o Paulo - SP, 04801-010, Brazil",Medium,16,Medium,20,Medium,24,Soft,11,,,,,12,8,4.309 km,15,71,Dry,2014
kevin_magnussen,Brazilian Grand Prix,"Av. Sen. Teot么nio Vilela, 261 - Interlagos, S茫o Paulo - SP, 04801-010, Brazil",Soft,7,Medium,19,Medium,21,Medium,24,,,,,7,9,4.309 km,15,71,Dry,2014
bottas,Brazilian Grand Prix,"Av. Sen. Teot么nio Vilela, 261 - Interlagos, S茫o Paulo - SP, 04801-010, Brazil",Soft,6,Medium,20,Medium,16,Medium,28,,,,,4,10,4.309 km,15,71,Dry,2014
kvyat,Brazilian Grand Prix,"Av. Sen. Teot么nio Vilela, 261 - Interlagos, S茫o Paulo - SP, 04801-010, Brazil",Medium,18,Medium,20,Medium,21,Soft,11,,,,,17,11,4.309 km,15,71,Dry,2014
maldonado,Brazilian Grand Prix,"Av. Sen. Teot么nio Vilela, 261 - Interlagos, S茫o Paulo - SP, 04801-010, Brazil",Soft,4,Medium,23,Medium,18,Medium,25,,,,,16,12,4.309 km,15,71,Dry,2014
Jean-Eric Vergne,Brazilian Grand Prix,"Av. Sen. Teot么nio Vilela, 261 - Interlagos, S茫o Paulo - SP, 04801-010, Brazil",Soft,9,Medium,18,Medium,19,Medium,24,,,,,15,13,4.309 km,15,71,Dry,2014
Esteban Gutierrez,Brazilian Grand Prix,"Av. Sen. Teot么nio Vilela, 261 - Interlagos, S茫o Paulo - SP, 04801-010, Brazil",Soft,8,Medium,19,Medium,21,Medium,22,,,,,11,14,4.309 km,15,71,Dry,2014
Sergio Perez,Brazilian Grand Prix,"Av. Sen. Teot么nio Vilela, 261 - Interlagos, S茫o Paulo - SP, 04801-010, Brazil",Soft,5,Medium,20,Medium,22,Medium,23,,,,,18,15,4.309 km,15,71,Dry,2014
sutil,Brazilian Grand Prix,"Av. Sen. Teot么nio Vilela, 261 - Interlagos, S茫o Paulo - SP, 04801-010, Brazil",Medium,18,Medium,21,Soft,10,Medium,21,,,,,13,16,4.309 km,15,71,Dry,2014
grosjean,Brazilian Grand Prix,"Av. Sen. Teot么nio Vilela, 261 - Interlagos, S茫o Paulo - SP, 04801-010, Brazil",Medium,24,Medium,16,Medium,19,Soft,4,,,,,14,17,4.309 km,15,71,Dry,2014
ricciardo,Brazilian Grand Prix,"Av. Sen. Teot么nio Vilela, 261 - Interlagos, S茫o Paulo - SP, 04801-010, Brazil",Soft,7,Medium,20,Medium,12,,,,,,,9,DNF,4.309 km,15,71,Dry,2014
hamilton,British Grand Prix,"Hilton Garden Inn, Silverstone Circuit, Towcester NN12 8TL",Medium,24,Hard,17,Hard,11,,,,,,,6,1,5.891 km,18,67,Dry,2014
bottas,British Grand Prix,"Hilton Garden Inn, Silverstone Circuit, Towcester NN12 8TL",Medium,1,Medium,30,Hard,21,,,,,,,14,2,5.891 km,18,67,Dry,2014
ricciardo,British Grand Prix,"Hilton Garden Inn, Silverstone Circuit, Towcester NN12 8TL",Medium,1,Hard,14,Medium,37,,,,,,,8,3,5.891 km,18,67,Dry,2014
button,British Grand Prix,"Hilton Garden Inn, Silverstone Circuit, Towcester NN12 8TL",Medium,28,Hard,24,,,,,,,,,3,4,5.891 km,18,67,Dry,2014
vettel,British Grand Prix,"Hilton Garden Inn, Silverstone Circuit, Towcester NN12 8TL",Medium,1,Hard,9,Medium,23,Medium,19,,,,,2,5,5.891 km,18,67,Dry,2014
alonso,British Grand Prix,"Hilton Garden Inn, Silverstone Circuit, Towcester NN12 8TL",Hard,1,Medium,24,Medium,27,,,,,,,16,6,5.891 km,18,67,Dry,2014
kevin_magnussen,British Grand Prix,"Hilton Garden Inn, Silverstone Circuit, Towcester NN12 8TL",Medium,27,Hard,25,,,,,,,,,5,7,5.891 km,18,67,Dry,2014
Nico Hulkenberg,British Grand Prix,"Hilton Garden Inn, Silverstone Circuit, Towcester NN12 8TL",Medium,29,Hard,23,,,,,,,,,4,8,5.891 km,18,67,Dry,2014
kvyat,British Grand Prix,"Hilton Garden Inn, Silverstone Circuit, Towcester NN12 8TL",Medium,14,Medium,21,Hard,17,,,,,,,9,9,5.891 km,18,67,Dry,2014
Jean-Eric Vergne,British Grand Prix,"Hilton Garden Inn, Silverstone Circuit, Towcester NN12 8TL",Medium,1,Hard,26,Medium,24,,,,,,,10,10,5.891 km,18,67,Dry,2014
Sergio Perez,British Grand Prix,"Hilton Garden Inn, Silverstone Circuit, Towcester NN12 8TL",Medium,1,Hard,25,Medium,25,,,,,,,7,11,5.891 km,18,67,Dry,2014
grosjean,British Grand Prix,"Hilton Garden Inn, Silverstone Circuit, Towcester NN12 8TL",Medium,1,Hard,29,Medium,21,,,,,,,11,12,5.891 km,18,67,Dry,2014
sutil,British Grand Prix,"Hilton Garden Inn, Silverstone Circuit, Towcester NN12 8TL",Medium,1,Medium,22,Hard,28,,,,,,,13,13,5.891 km,18,67,Dry,2014
jules_bianchi,British Grand Prix,"Hilton Garden Inn, Silverstone Circuit, Towcester NN12 8TL",Medium,1,Medium,28,Hard,22,,,,,,,12,14,5.891 km,18,67,Dry,2014
kobayashi,British Grand Prix,"Hilton Garden Inn, Silverstone Circuit, Towcester NN12 8TL",Medium,1,Medium,17,Hard,11,Medium,21,,,,,22,15,5.891 km,18,67,Dry,2014
chilton,British Grand Prix,"Hilton Garden Inn, Silverstone Circuit, Towcester NN12 8TL",Medium,1,Medium,0,Medium,28,Hard,21,,,,,17,16,5.891 km,18,67,Dry,2014
maldonado,British Grand Prix,"Hilton Garden Inn, Silverstone Circuit, Towcester NN12 8TL",Medium,1,Medium,25,Hard,23,,,,,,,20,17,5.891 km,18,67,Dry,2014
rosberg,British Grand Prix,"Hilton Garden Inn, Silverstone Circuit, Towcester NN12 8TL",Medium,18,Medium,10,,,,,,,,,1,DNF,5.891 km,18,67,Dry,2014
ericsson,British Grand Prix,"Hilton Garden Inn, Silverstone Circuit, Towcester NN12 8TL",Medium,1,Medium,10,,,,,,,,,21,DNF,5.891 km,18,67,Dry,2014
Esteban Gutierrez,British Grand Prix,"Hilton Garden Inn, Silverstone Circuit, Towcester NN12 8TL",Medium,9,,,,,,,,,,,19,DNF,5.891 km,18,67,Dry,2014
Kimi Raikkonen,British Grand Prix,"Hilton Garden Inn, Silverstone Circuit, Towcester NN12 8TL",,,,,,,,,,,,,18,DNF,5.891 km,18,67,Dry,2014
massa,British Grand Prix,"Hilton Garden Inn, Silverstone Circuit, Towcester NN12 8TL",,,,,,,,,,,,,15,DNF,5.891 km,18,67,Dry,2014
ricciardo,Canadian Grand Prix,"Parc Jean-Drapeau, Montr茅al, QC H3C 6A1, Canada",Super soft,13,Soft,24,Soft,33,,,,,,,6,1,4.361 km,13,70,Dry,2014
rosberg,Canadian Grand Prix,"Parc Jean-Drapeau, Montr茅al, QC H3C 6A1, Canada",Super soft,18,Soft,26,Soft,26,,,,,,,1,2,4.361 km,13,70,Dry,2014
vettel,Canadian Grand Prix,"Parc Jean-Drapeau, Montr茅al, QC H3C 6A1, Canada",Super soft,15,Soft,21,Soft,34,,,,,,,3,3,4.361 km,13,70,Dry,2014
button,Canadian Grand Prix,"Parc Jean-Drapeau, Montr茅al, QC H3C 6A1, Canada",Super soft,14,Soft,24,Soft,32,,,,,,,9,4,4.361 km,13,70,Dry,2014
Nico Hulkenberg,Canadian Grand Prix,"Parc Jean-Drapeau, Montr茅al, QC H3C 6A1, Canada",Soft,41,Super soft,29,,,,,,,,,11,5,4.361 km,13,70,Dry,2014
alonso,Canadian Grand Prix,"Parc Jean-Drapeau, Montr茅al, QC H3C 6A1, Canada",Super soft,16,Soft,28,Soft,26,,,,,,,7,6,4.361 km,13,70,Dry,2014
bottas,Canadian Grand Prix,"Parc Jean-Drapeau, Montr茅al, QC H3C 6A1, Canada",Super soft,14,Soft,21,Soft,35,,,,,,,4,7,4.361 km,13,70,Dry,2014
Jean-Eric Vergne,Canadian Grand Prix,"Parc Jean-Drapeau, Montr茅al, QC H3C 6A1, Canada",Super soft,15,Soft,24,Soft,31,,,,,,,8,8,4.361 km,13,70,Dry,2014
kevin_magnussen,Canadian Grand Prix,"Parc Jean-Drapeau, Montr茅al, QC H3C 6A1, Canada",Super soft,15,Soft,30,Soft,25,,,,,,,12,9,4.361 km,13,70,Dry,2014
Kimi Raikkonen,Canadian Grand Prix,"Parc Jean-Drapeau, Montr茅al, QC H3C 6A1, Canada",Super soft,17,Soft,22,Soft,31,,,,,,,10,10,4.361 km,13,70,Dry,2014
Sergio Perez,Canadian Grand Prix,"Parc Jean-Drapeau, Montr茅al, QC H3C 6A1, Canada",Super soft,34,Soft,35,,,,,,,,,13,11,4.361 km,13,70,Dry,2014
massa,Canadian Grand Prix,"Parc Jean-Drapeau, Montr茅al, QC H3C 6A1, Canada",Super soft,15,Soft,33,Soft,21,,,,,,,5,12,4.361 km,13,70,Dry,2014
sutil,Canadian Grand Prix,"Parc Jean-Drapeau, Montr茅al, QC H3C 6A1, Canada",Super soft,15,Soft,25,Soft,29,,,,,,,16,13,4.361 km,13,70,Dry,2014
Esteban Gutierrez,Canadian Grand Prix,"Parc Jean-Drapeau, Montr茅al, QC H3C 6A1, Canada",Soft,1,Super soft,1,Soft,30,Soft,32,,,,,22,14,4.361 km,13,70,Dry,2014
grosjean,Canadian Grand Prix,"Parc Jean-Drapeau, Montr茅al, QC H3C 6A1, Canada",Super soft,11,Soft,35,Soft,13,,,,,,,14,DNF,4.361 km,13,70,Dry,2014
kvyat,Canadian Grand Prix,"Parc Jean-Drapeau, Montr茅al, QC H3C 6A1, Canada",Soft,29,Super soft,17,Soft,1,,,,,,,15,DNF,4.361 km,13,70,Dry,2014
hamilton,Canadian Grand Prix,"Parc Jean-Drapeau, Montr茅al, QC H3C 6A1, Canada",Super soft,19,Soft,26,Soft,1,,,,,,,2,DNF,4.361 km,13,70,Dry,2014
kobayashi,Canadian Grand Prix,"Parc Jean-Drapeau, Montr茅al, QC H3C 6A1, Canada",Super soft,23,,,,,,,,,,,21,DNF,4.361 km,13,70,Dry,2014
maldonado,Canadian Grand Prix,"Parc Jean-Drapeau, Montr茅al, QC H3C 6A1, Canada",Soft,21,,,,,,,,,,,17,DNF,4.361 km,13,70,Dry,2014
ericsson,Canadian Grand Prix,"Parc Jean-Drapeau, Montr茅al, QC H3C 6A1, Canada",Soft,7,,,,,,,,,,,20,DNF,4.361 km,13,70,Dry,2014
jules_bianchi,Canadian Grand Prix,"Parc Jean-Drapeau, Montr茅al, QC H3C 6A1, Canada",,,,,,,,,,,,,19,DNF,4.361 km,13,70,Dry,2014
chilton,Canadian Grand Prix,"Parc Jean-Drapeau, Montr茅al, QC H3C 6A1, Canada",,,,,,,,,,,,,18,DNF,4.361 km,13,70,Dry,2014
hamilton,Chinese Grand Prix,"China, Shanghai, Jiading Disict, ???2000? ????: 201800",Soft,17,Medium,21,Medium,16,,,,,,,1,1,5.451 km,16,56,Dry,2014
rosberg,Chinese Grand Prix,"China, Shanghai, Jiading Disict, ???2000? ????: 201801",Soft,13,Medium,24,Medium,17,,,,,,,4,2,5.451 km,16,56,Dry,2014
alonso,Chinese Grand Prix,"China, Shanghai, Jiading Disict, ???2000? ????: 201802",Soft,11,Medium,22,Medium,21,,,,,,,5,3,5.451 km,16,56,Dry,2014
ricciardo,Chinese Grand Prix,"China, Shanghai, Jiading Disict, ???2000? ????: 201803",Soft,15,Medium,22,Medium,17,,,,,,,2,4,5.451 km,16,56,Dry,2014
vettel,Chinese Grand Prix,"China, Shanghai, Jiading Disict, ???2000? ????: 201804",Soft,12,Medium,22,Medium,20,,,,,,,3,5,5.451 km,16,56,Dry,2014
Nico Hulkenberg,Chinese Grand Prix,"China, Shanghai, Jiading Disict, ???2000? ????: 201805",Soft,11,Medium,20,Medium,23,,,,,,,8,6,5.451 km,16,56,Dry,2014
bottas,Chinese Grand Prix,"China, Shanghai, Jiading Disict, ???2000? ????: 201806",Soft,12,Medium,19,Medium,23,,,,,,,7,7,5.451 km,16,56,Dry,2014
Kimi Raikkonen,Chinese Grand Prix,"China, Shanghai, Jiading Disict, ???2000? ????: 201807",Soft,10,Medium,21,Medium,23,,,,,,,11,8,5.451 km,16,56,Dry,2014
Sergio Perez,Chinese Grand Prix,"China, Shanghai, Jiading Disict, ???2000? ????: 201808",Soft,10,Medium,20,Medium,24,,,,,,,16,9,5.451 km,16,56,Dry,2014
kvyat,Chinese Grand Prix,"China, Shanghai, Jiading Disict, ???2000? ????: 201809",Soft,14,Medium,17,Medium,22,,,,,,,13,10,5.451 km,16,56,Dry,2014
button,Chinese Grand Prix,"China, Shanghai, Jiading Disict, ???2000? ????: 201810",Soft,7,Medium,21,Medium,25,,,,,,,12,11,5.451 km,16,56,Dry,2014
Jean-Eric Vergne,Chinese Grand Prix,"China, Shanghai, Jiading Disict, ???2000? ????: 201811",Soft,15,Soft,17,Medium,21,,,,,,,9,12,5.451 km,16,56,Dry,2014
kevin_magnussen,Chinese Grand Prix,"China, Shanghai, Jiading Disict, ???2000? ????: 201812",Medium,17,Soft,14,Medium,22,,,,,,,15,13,5.451 km,16,56,Dry,2014
maldonado,Chinese Grand Prix,"China, Shanghai, Jiading Disict, ???2000? ????: 201813",Soft,11,Medium,21,Medium,21,,,,,,,22,14,5.451 km,16,56,Dry,2014
massa,Chinese Grand Prix,"China, Shanghai, Jiading Disict, ???2000? ????: 201814",Soft,10,Medium,21,Medium,22,,,,,,,6,15,5.451 km,16,56,Dry,2014
Esteban Gutierrez,Chinese Grand Prix,"China, Shanghai, Jiading Disict, ???2000? ????: 201815",Soft,14,Medium,13,Medium,13,Soft,13,,,,,17,16,5.451 km,16,56,Dry,2014
jules_bianchi,Chinese Grand Prix,"China, Shanghai, Jiading Disict, ???2000? ????: 201816",Soft,11,Medium,17,Medium,25,,,,,,,19,17,5.451 km,16,56,Dry,2014
kobayashi,Chinese Grand Prix,"China, Shanghai, Jiading Disict, ???2000? ????: 201817",Soft,11,Medium,19,Soft,10,Soft,13,,,,,18,18,5.451 km,16,56,Dry,2014
chilton,Chinese Grand Prix,"China, Shanghai, Jiading Disict, ???2000? ????: 201818",Soft,12,Medium,20,Medium,16,Soft,4,,,,,21,19,5.451 km,16,56,Dry,2014
ericsson,Chinese Grand Prix,"China, Shanghai, Jiading Disict, ???2000? ????: 201819",Soft,10,Medium,17,Soft,15,Soft,10,,,,,20,20,5.451 km,16,56,Dry,2014
grosjean,Chinese Grand Prix,"China, Shanghai, Jiading Disict, ???2000? ????: 201820",Soft,9,Medium,19,,,,,,,,,10,DNF,5.451 km,16,56,Dry,2014
sutil,Chinese Grand Prix,"China, Shanghai, Jiading Disict, ???2000? ????: 201821",Soft,5,,,,,,,,,,,14,DNF,5.451 km,16,56,Dry,2014
rosberg,German Grand Prix,"聽Am Motodrom 1, 68766 Hockenheim, Germany",Super soft,15,Soft,26,Soft,26,,,,,,,1,1,4.574 km,16,67,Dry,2014
bottas,German Grand Prix,"聽Am Motodrom 1, 68766 Hockenheim, Germany",Super soft,15,Soft,25,Soft,27,,,,,,,2,2,4.574 km,16,67,Dry,2014
hamilton,German Grand Prix,"聽Am Motodrom 1, 68766 Hockenheim, Germany",Soft,26,Soft,16,Super soft,8,Super soft,17,,,,,20,3,4.574 km,16,67,Dry,2014
vettel,German Grand Prix,"聽Am Motodrom 1, 68766 Hockenheim, Germany",Super soft,14,Soft,20,Super soft,11,Soft,22,,,,,6,4,4.574 km,16,67,Dry,2014
alonso,German Grand Prix,"聽Am Motodrom 1, 68766 Hockenheim, Germany",Super soft,12,Soft,21,Soft,22,Super soft,12,,,,,7,5,4.574 km,16,67,Dry,2014
ricciardo,German Grand Prix,"聽Am Motodrom 1, 68766 Hockenheim, Germany",Super soft,13,Soft,22,Super soft,11,Soft,21,,,,,5,6,4.574 km,16,67,Dry,2014
Nico Hulkenberg,German Grand Prix,"聽Am Motodrom 1, 68766 Hockenheim, Germany",Super soft,14,Soft,25,Soft,28,,,,,,,9,7,4.574 km,16,67,Dry,2014
button,German Grand Prix,"聽Am Motodrom 1, 68766 Hockenheim, Germany",Super soft,13,Soft,18,Soft,30,Super soft,6,,,,,11,8,4.574 km,16,67,Dry,2014
kevin_magnussen,German Grand Prix,"聽Am Motodrom 1, 68766 Hockenheim, Germany",Super soft,1,Soft,28,Soft,24,Super soft,13,,,,,4,9,4.574 km,16,67,Dry,2014
Sergio Perez,German Grand Prix,"聽Am Motodrom 1, 68766 Hockenheim, Germany",Super soft,14,Soft,20,Soft,18,Super soft,14,,,,,10,10,4.574 km,16,67,Dry,2014
Kimi Raikkonen,German Grand Prix,"聽Am Motodrom 1, 68766 Hockenheim, Germany",Soft,20,Super soft,14,Soft,19,Super soft,13,,,,,12,11,4.574 km,16,67,Dry,2014
maldonado,German Grand Prix,"聽Am Motodrom 1, 68766 Hockenheim, Germany",Super soft,18,Super soft,20,Soft,28,,,,,,,18,12,4.574 km,16,67,Dry,2014
Jean-Eric Vergne,German Grand Prix,"聽Am Motodrom 1, 68766 Hockenheim, Germany",Super soft,13,Soft,24,Super soft,12,Soft,17,,,,,13,13,4.574 km,16,67,Dry,2014
Esteban Gutierrez,German Grand Prix,"聽Am Motodrom 1, 68766 Hockenheim, Germany",Super soft,14,Super soft,17,Soft,19,Soft,16,,,,,16,14,4.574 km,16,67,Dry,2014
jules_bianchi,German Grand Prix,"聽Am Motodrom 1, 68766 Hockenheim, Germany",Super soft,20,Soft,25,Super soft,21,,,,,,,17,15,4.574 km,16,67,Dry,2014
kobayashi,German Grand Prix,"聽Am Motodrom 1, 68766 Hockenheim, Germany",Super soft,15,Soft,17,Soft,16,Super soft,17,,,,,19,16,4.574 km,16,67,Dry,2014
chilton,German Grand Prix,"聽Am Motodrom 1, 68766 Hockenheim, Germany",Super soft,16,Soft,16,Soft,15,Super soft,18,,,,,21,17,4.574 km,16,67,Dry,2014
ericsson,German Grand Prix,"聽Am Motodrom 1, 68766 Hockenheim, Germany",Super soft,3,Soft,15,Soft,23,Super soft,24,,,,,PIT,18,4.574 km,16,67,Dry,2014
sutil,German Grand Prix,"聽Am Motodrom 1, 68766 Hockenheim, Germany",Super soft,16,Soft,16,Soft,15,Soft,0,,,,,15,DNF,4.574 km,16,67,Dry,2014
kvyat,German Grand Prix,"聽Am Motodrom 1, 68766 Hockenheim, Germany",Super soft,9,Soft,23,Soft,12,,,,,,,8,DNF,4.574 km,16,67,Dry,2014
grosjean,German Grand Prix,"聽Am Motodrom 1, 68766 Hockenheim, Germany",Soft,24,Super soft,2,,,,,,,,,14,DNF,4.574 km,16,67,Dry,2014
massa,German Grand Prix,"聽Am Motodrom 1, 68766 Hockenheim, Germany",,,,,,,,,,,,,3,DNF,4.574 km,16,67,Dry,2014
ricciardo,Hungarian Grand Prix,"Mogyor贸d, Hungaroring utca 10, 2146 Hungary",Intermediate,8,Soft,15,Soft,31,Soft,16,,,,,4,1,4.381 km,14,70,Mix,2014
alonso,Hungarian Grand Prix,"Mogyor贸d, Hungaroring utca 10, 2146 Hungary",Intermediate,9,Soft,29,Soft,32,,,,,,,5,2,4.381 km,14,70,Mix,2014
hamilton,Hungarian Grand Prix,"Mogyor贸d, Hungaroring utca 10, 2146 Hungary",Intermediate,8,Soft,31,Medium,31,,,,,,,22,3,4.381 km,14,70,Mix,2014
rosberg,Hungarian Grand Prix,"Mogyor贸d, Hungaroring utca 10, 2146 Hungary",Intermediate,9,Soft,23,Soft,24,Soft,14,,,,,1,4,4.381 km,14,70,Mix,2014
massa,Hungarian Grand Prix,"Mogyor贸d, Hungaroring utca 10, 2146 Hungary",Intermediate,8,Soft,15,Medium,22,Medium,25,,,,,6,5,4.381 km,14,70,Mix,2014
Kimi Raikkonen,Hungarian Grand Prix,"Mogyor贸d, Hungaroring utca 10, 2146 Hungary",Intermediate,8,Soft,33,Soft,29,,,,,,,16,6,4.381 km,14,70,Mix,2014
vettel,Hungarian Grand Prix,"Mogyor贸d, Hungaroring utca 10, 2146 Hungary",Intermediate,9,Soft,24,Medium,37,,,,,,,2,7,4.381 km,14,70,Mix,2014
bottas,Hungarian Grand Prix,"Mogyor贸d, Hungaroring utca 10, 2146 Hungary",Intermediate,9,Soft,14,Medium,36,Soft,11,,,,,3,8,4.381 km,14,70,Mix,2014
Jean-Eric Vergne,Hungarian Grand Prix,"Mogyor贸d, Hungaroring utca 10, 2146 Hungary",Intermediate,8,Soft,26,Medium,36,,,,,,,8,9,4.381 km,14,70,Mix,2014
button,Hungarian Grand Prix,"Mogyor贸d, Hungaroring utca 10, 2146 Hungary",Intermediate,8,Intermediate,7,Soft,22,Medium,33,,,,,7,10,4.381 km,14,70,Mix,2014
sutil,Hungarian Grand Prix,"Mogyor贸d, Hungaroring utca 10, 2146 Hungary",Intermediate,8,Soft,31,Soft,31,,,,,,,11,11,4.381 km,14,70,Mix,2014
kevin_magnussen,Hungarian Grand Prix,"Mogyor贸d, Hungaroring utca 10, 2146 Hungary",Intermediate,15,Soft,24,Medium,31,,,,,,,21,12,4.381 km,14,70,Mix,2014
maldonado,Hungarian Grand Prix,"Mogyor贸d, Hungaroring utca 10, 2146 Hungary",Intermediate,8,Soft,9,Soft,26,Soft,27,,,,,20,13,4.381 km,14,70,Mix,2014
kvyat,Hungarian Grand Prix,"Mogyor贸d, Hungaroring utca 10, 2146 Hungary",Intermediate,8,Soft,22,Medium,39,,,,,,,10,14,4.381 km,14,70,Mix,2014
jules_bianchi,Hungarian Grand Prix,"Mogyor贸d, Hungaroring utca 10, 2146 Hungary",Intermediate,9,Soft,8,Soft,25,Soft,27,,,,,15,15,4.381 km,14,70,Mix,2014
chilton,Hungarian Grand Prix,"Mogyor贸d, Hungaroring utca 10, 2146 Hungary",Intermediate,8,Soft,37,Soft,24,,,,,,,18,16,4.381 km,14,70,Mix,2014
Esteban Gutierrez,Hungarian Grand Prix,"Mogyor贸d, Hungaroring utca 10, 2146 Hungary",Intermediate,8,Soft,24,,,,,,,,,13,DNF,4.381 km,14,70,Mix,2014
kobayashi,Hungarian Grand Prix,"Mogyor贸d, Hungaroring utca 10, 2146 Hungary",Intermediate,8,Soft,16,,,,,,,,,17,DNF,4.381 km,14,70,Mix,2014
Sergio Perez,Hungarian Grand Prix,"Mogyor贸d, Hungaroring utca 10, 2146 Hungary",Intermediate,8,Soft,14,,,,,,,,,12,DNF,4.381 km,14,70,Mix,2014
Nico Hulkenberg,Hungarian Grand Prix,"Mogyor贸d, Hungaroring utca 10, 2146 Hungary",Intermediate,8,Soft,6,,,,,,,,,9,DNF,4.381 km,14,70,Mix,2014
grosjean,Hungarian Grand Prix,"Mogyor贸d, Hungaroring utca 10, 2146 Hungary",Intermediate,8,Soft,2,,,,,,,,,14,DNF,4.381 km,14,70,Mix,2014
ericsson,Hungarian Grand Prix,"Mogyor贸d, Hungaroring utca 10, 2146 Hungary",Intermediate,7,,,,,,,,,,,19,DNF,4.381 km,14,70,Mix,2014
hamilton,Italian Grand Prix,"Viale di Vedano, 5, 20900 Monza MB, Italy",Medium,25,Hard,28,,,,,,,,,1,1,5.793 km,11,53,Dry,2014
rosberg,Italian Grand Prix,"Viale di Vedano, 5, 20900 Monza MB, Italy",Medium,24,Hard,29,,,,,,,,,2,2,5.793 km,11,53,Dry,2014
massa,Italian Grand Prix,"Viale di Vedano, 5, 20900 Monza MB, Italy",Medium,23,Hard,30,,,,,,,,,4,3,5.793 km,11,53,Dry,2014
bottas,Italian Grand Prix,"Viale di Vedano, 5, 20900 Monza MB, Italy",Medium,24,Hard,29,,,,,,,,,3,4,5.793 km,11,53,Dry,2014
ricciardo,Italian Grand Prix,"Viale di Vedano, 5, 20900 Monza MB, Italy",Medium,26,Hard,27,,,,,,,,,9,5,5.793 km,11,53,Dry,2014
vettel,Italian Grand Prix,"Viale di Vedano, 5, 20900 Monza MB, Italy",Medium,18,Hard,35,,,,,,,,,8,6,5.793 km,11,53,Dry,2014
Sergio Perez,Italian Grand Prix,"Viale di Vedano, 5, 20900 Monza MB, Italy",Medium,19,Hard,34,,,,,,,,,10,7,5.793 km,11,53,Dry,2014
button,Italian Grand Prix,"Viale di Vedano, 5, 20900 Monza MB, Italy",Medium,22,Hard,31,,,,,,,,,6,8,5.793 km,11,53,Dry,2014
Kimi Raikkonen,Italian Grand Prix,"Viale di Vedano, 5, 20900 Monza MB, Italy",Medium,20,Hard,33,,,,,,,,,11,9,5.793 km,11,53,Dry,2014
kevin_magnussen,Italian Grand Prix,"Viale di Vedano, 5, 20900 Monza MB, Italy",Medium,21,Hard,32,,,,,,,,,5,10,5.793 km,11,53,Dry,2014
kvyat,Italian Grand Prix,"Viale di Vedano, 5, 20900 Monza MB, Italy",Hard,30,Medium,23,,,,,,,,,21,11,5.793 km,11,53,Dry,2014
Nico Hulkenberg,Italian Grand Prix,"Viale di Vedano, 5, 20900 Monza MB, Italy",Hard,19,Medium,34,,,,,,,,,13,12,5.793 km,11,53,Dry,2014
Jean-Eric Vergne,Italian Grand Prix,"Viale di Vedano, 5, 20900 Monza MB, Italy",Medium,24,Hard,29,,,,,,,,,12,13,5.793 km,11,53,Dry,2014
maldonado,Italian Grand Prix,"Viale di Vedano, 5, 20900 Monza MB, Italy",Medium,21,Hard,31,,,,,,,,,16,14,5.793 km,11,53,Dry,2014
sutil,Italian Grand Prix,"Viale di Vedano, 5, 20900 Monza MB, Italy",Hard,24,Medium,28,,,,,,,,,14,15,5.793 km,11,53,Dry,2014
grosjean,Italian Grand Prix,"Viale di Vedano, 5, 20900 Monza MB, Italy",Hard,20,Medium,32,,,,,,,,,17,16,5.793 km,11,53,Dry,2014
kobayashi,Italian Grand Prix,"Viale di Vedano, 5, 20900 Monza MB, Italy",Medium,22,Hard,30,,,,,,,,,18,17,5.793 km,11,53,Dry,2014
jules_bianchi,Italian Grand Prix,"Viale di Vedano, 5, 20900 Monza MB, Italy",Medium,27,Hard,25,,,,,,,,,19,18,5.793 km,11,53,Dry,2014
ericsson,Italian Grand Prix,"Viale di Vedano, 5, 20900 Monza MB, Italy",Hard,30,Medium,21,,,,,,,,,PIT,19,5.793 km,11,53,Dry,2014
Esteban Gutierrez,Italian Grand Prix,"Viale di Vedano, 5, 20900 Monza MB, Italy",Hard,9,Medium,27,Medium,13,Medium,2,,,,,15,20,5.793 km,11,53,Dry,2014
alonso,Italian Grand Prix,"Viale di Vedano, 5, 20900 Monza MB, Italy",Medium,21,Hard,7,,,,,,,,,7,DNF,5.793 km,11,53,Dry,2014
chilton,Italian Grand Prix,"Viale di Vedano, 5, 20900 Monza MB, Italy",Medium,5,,,,,,,,,,,20,DNF,5.793 km,11,53,Dry,2014
hamilton,Japanese Grand Prix,"7992 Inoucho, Suzuka, Mie 510-0295, Japan",Wet,14,Intermediate,21,Intermediate,9,,,,,,,2,1,5.807 km,18,53,Wet,2014
rosberg,Japanese Grand Prix,"7993 Inoucho, Suzuka, Mie 510-0295, Japan",Wet,13,Intermediate,20,Intermediate,11,,,,,,,1,2,5.807 km,18,53,Wet,2014
vettel,Japanese Grand Prix,"7994 Inoucho, Suzuka, Mie 510-0295, Japan",Wet,12,Intermediate,17,Intermediate,15,,,,,,,9,3,5.807 km,18,53,Wet,2014
ricciardo,Japanese Grand Prix,"7995 Inoucho, Suzuka, Mie 510-0295, Japan",Wet,11,Intermediate,25,Intermediate,8,,,,,,,6,4,5.807 km,18,53,Wet,2014
button,Japanese Grand Prix,"7996 Inoucho, Suzuka, Mie 510-0295, Japan",Wet,9,Intermediate,22,Intermediate,11,Wet,2,,,,,8,5,5.807 km,18,53,Wet,2014
bottas,Japanese Grand Prix,"7997 Inoucho, Suzuka, Mie 510-0295, Japan",Wet,11,Intermediate,27,Intermediate,6,,,,,,,3,6,5.807 km,18,53,Wet,2014
massa,Japanese Grand Prix,"7998 Inoucho, Suzuka, Mie 510-0295, Japan",Wet,12,Intermediate,25,Intermediate,7,,,,,,,4,7,5.807 km,18,53,Wet,2014
Nico Hulkenberg,Japanese Grand Prix,"7999 Inoucho, Suzuka, Mie 510-0295, Japan",Wet,12,Intermediate,14,Intermediate,17,Intermediate,1,,,,,13,8,5.807 km,18,53,Wet,2014
Jean-Eric Vergne,Japanese Grand Prix,"8000 Inoucho, Suzuka, Mie 510-0295, Japan",Wet,11,Intermediate,8,Intermediate,25,,,,,,,20,9,5.807 km,18,53,Wet,2014
Sergio Perez,Japanese Grand Prix,"8001 Inoucho, Suzuka, Mie 510-0295, Japan",Wet,11,Intermediate,14,Intermediate,18,,,,,,,11,10,5.807 km,18,53,Wet,2014
kvyat,Japanese Grand Prix,"8002 Inoucho, Suzuka, Mie 510-0295, Japan",Wet,11,Intermediate,12,Intermediate,16,Intermediate,4,,,,,12,11,5.807 km,18,53,Wet,2014
Kimi Raikkonen,Japanese Grand Prix,"8003 Inoucho, Suzuka, Mie 510-0295, Japan",Wet,11,Intermediate,12,Intermediate,11,Intermediate,9,Wet,0,,,10,12,5.807 km,18,53,Wet,2014
Esteban Gutierrez,Japanese Grand Prix,"8004 Inoucho, Suzuka, Mie 510-0295, Japan",Wet,11,Intermediate,23,Intermediate,9,,,,,,,15,13,5.807 km,18,53,Wet,2014
kevin_magnussen,Japanese Grand Prix,"8005 Inoucho, Suzuka, Mie 510-0295, Japan",Wet,11,Intermediate,4,Intermediate,18,Intermediate,7,Wet,3,,,7,14,5.807 km,18,53,Wet,2014
grosjean,Japanese Grand Prix,"8006 Inoucho, Suzuka, Mie 510-0295, Japan",Wet,11,Intermediate,10,Intermediate,13,Intermediate,9,Wet,0,,,16,15,5.807 km,18,53,Wet,2014
maldonado,Japanese Grand Prix,"8007 Inoucho, Suzuka, Mie 510-0295, Japan",Wet,9,Intermediate,13,Intermediate,18,Wet,3,,,,,22,16,5.807 km,18,53,Wet,2014
ericsson,Japanese Grand Prix,"8008 Inoucho, Suzuka, Mie 510-0295, Japan",Wet,11,Intermediate,14,Intermediate,14,Wet,4,,,,,17,17,5.807 km,18,53,Wet,2014
chilton,Japanese Grand Prix,"8009 Inoucho, Suzuka, Mie 510-0295, Japan",Wet,11,Intermediate,12,Intermediate,20,,,,,,,21,18,5.807 km,18,53,Wet,2014
kobayashi,Japanese Grand Prix,"8010 Inoucho, Suzuka, Mie 510-0295, Japan",Wet,11,Intermediate,15,Intermediate,12,Intermediate,1,Wet,4,,,19,19,5.807 km,18,53,Wet,2014
jules_bianchi,Japanese Grand Prix,"8011 Inoucho, Suzuka, Mie 510-0295, Japan",Wet,13,Intermediate,11,Intermediate,17,,,,,,,18,20,5.807 km,18,53,Wet,2014
sutil,Japanese Grand Prix,"8012 Inoucho, Suzuka, Mie 510-0295, Japan",Wet,12,Intermediate,10,Intermediate,10,Intermediate,8,,,,,14,21,5.807 km,18,53,Wet,2014
alonso,Japanese Grand Prix,"8013 Inoucho, Suzuka, Mie 510-0295, Japan",Wet,1,,,,,,,,,,,5,DNF,5.807 km,18,53,Wet,2014
hamilton,Malaysian Grand Prix,"27, 64000 Sepang, Selangor, Malaysia",Medium,15,Medium,18,Medium,18,Hard,5,,,,,1,1,5.543 km,15,56,Dry,2014
rosberg,Malaysian Grand Prix,"27, 64000 Sepang, Selangor, Malaysia",Medium,14,Medium,18,Medium,18,Hard,6,,,,,3,2,5.543 km,15,56,Dry,2014
vettel,Malaysian Grand Prix,"27, 64000 Sepang, Selangor, Malaysia",Medium,13,Medium,18,Medium,18,Hard,7,,,,,2,3,5.543 km,15,56,Dry,2014
alonso,Malaysian Grand Prix,"27, 64000 Sepang, Selangor, Malaysia",Medium,11,Medium,16,Hard,15,Medium,14,,,,,4,4,5.543 km,15,56,Dry,2014
Nico Hulkenberg,Malaysian Grand Prix,"27, 64000 Sepang, Selangor, Malaysia",Medium,16,Medium,18,Hard,22,,,,,,,7,5,5.543 km,15,56,Dry,2014
button,Malaysian Grand Prix,"27, 64000 Sepang, Selangor, Malaysia",Medium,13,Medium,12,Medium,14,Hard,17,,,,,10,6,5.543 km,15,56,Dry,2014
massa,Malaysian Grand Prix,"27, 64000 Sepang, Selangor, Malaysia",Medium,12,Medium,15,Medium,15,Hard,14,,,,,13,7,5.543 km,15,56,Dry,2014
bottas,Malaysian Grand Prix,"27, 64000 Sepang, Selangor, Malaysia",Medium,14,Medium,15,Medium,15,Hard,12,,,,,18,8,5.543 km,15,56,Dry,2014
kevin_magnussen,Malaysian Grand Prix,"27, 64000 Sepang, Selangor, Malaysia",Medium,9,Medium,15,Medium,15,Hard,16,,,,,8,9,5.543 km,15,56,Dry,2014
kvyat,Malaysian Grand Prix,"27, 64000 Sepang, Selangor, Malaysia",Medium,10,Medium,12,Hard,12,Medium,21,,,,,11,10,5.543 km,15,56,Dry,2014
grosjean,Malaysian Grand Prix,"27, 64000 Sepang, Selangor, Malaysia",Medium,12,Medium,13,Medium,15,Hard,15,,,,,15,11,5.543 km,15,56,Dry,2014
Kimi Raikkonen,Malaysian Grand Prix,"27, 64000 Sepang, Selangor, Malaysia",Medium,2,Medium,16,Hard,16,Medium,21,,,,,6,12,5.543 km,15,56,Dry,2014
kobayashi,Malaysian Grand Prix,"27, 64000 Sepang, Selangor, Malaysia",Medium,15,Medium,16,Hard,24,,,,,,,20,13,5.543 km,15,56,Dry,2014
ericsson,Malaysian Grand Prix,"27, 64000 Sepang, Selangor, Malaysia",Medium,11,Medium,15,Medium,12,Hard,16,,,,,22,14,5.543 km,15,56,Dry,2014
chilton,Malaysian Grand Prix,"27, 64000 Sepang, Selangor, Malaysia",Medium,10,Medium,17,Medium,14,Hard,13,,,,,21,15,5.543 km,15,56,Dry,2014
ricciardo,Malaysian Grand Prix,"27, 64000 Sepang, Selangor, Malaysia",Medium,12,Medium,16,Hard,12,Medium,2,Hard,2,Hard,5,5,DNF,5.543 km,15,56,Dry,2014
Esteban Gutierrez,Malaysian Grand Prix,"27, 64000 Sepang, Selangor, Malaysia",Medium,10,Medium,13,Hard,12,,,,,,,12,DNF,5.543 km,15,56,Dry,2014
sutil,Malaysian Grand Prix,"27, 64000 Sepang, Selangor, Malaysia",Medium,11,Hard,13,Hard,8,,,,,,,17,DNF,5.543 km,15,56,Dry,2014
Jean-Eric Vergne,Malaysian Grand Prix,"27, 64000 Sepang, Selangor, Malaysia",Medium,2,Hard,15,Medium,1,,,,,,,9,DNF,5.543 km,15,56,Dry,2014
jules_bianchi,Malaysian Grand Prix,"27, 64000 Sepang, Selangor, Malaysia",Medium,1,Medium,7,,,,,,,,,19,DNF,5.543 km,15,56,Dry,2014
maldonado,Malaysian Grand Prix,"27, 64000 Sepang, Selangor, Malaysia",Medium,7,,,,,,,,,,,16,DNF,5.543 km,15,56,Dry,2014
Sergio Perez,Malaysian Grand Prix,"27, 64000 Sepang, Selangor, Malaysia",,,,,,,,,,,,,14,DNF,5.543 km,15,56,Dry,2014
rosberg,Monaco Grand Prix,"11 Bd Albert 1er, 98000 Monaco",Super soft,26,Soft,52,,,,,,,,,1,1,3.340 km,19,78,Dry,2014
hamilton,Monaco Grand Prix,"12 Bd Albert 1er, 98000 Monaco",Super soft,26,Soft,52,,,,,,,,,2,2,3.340 km,19,78,Dry,2014
ricciardo,Monaco Grand Prix,"13 Bd Albert 1er, 98000 Monaco",Super soft,26,Soft,52,,,,,,,,,3,3,3.340 km,19,78,Dry,2014
alonso,Monaco Grand Prix,"14 Bd Albert 1er, 98000 Monaco",Super soft,26,Soft,52,,,,,,,,,5,4,3.340 km,19,78,Dry,2014
Nico Hulkenberg,Monaco Grand Prix,"15 Bd Albert 1er, 98000 Monaco",Soft,26,Super soft,51,,,,,,,,,11,5,3.340 km,19,78,Dry,2014
button,Monaco Grand Prix,"16 Bd Albert 1er, 98000 Monaco",Super soft,25,Soft,52,,,,,,,,,12,6,3.340 km,19,78,Dry,2014
massa,Monaco Grand Prix,"17 Bd Albert 1er, 98000 Monaco",Super soft,45,Soft,32,,,,,,,,,16,7,3.340 km,19,78,Dry,2014
grosjean,Monaco Grand Prix,"18 Bd Albert 1er, 98000 Monaco",Super soft,1,Soft,22,Super soft,54,,,,,,,14,8,3.340 km,19,78,Dry,2014
jules_bianchi,Monaco Grand Prix,"19 Bd Albert 1er, 98000 Monaco",Soft,25,Super soft,52,,,,,,,,,21,9,3.340 km,19,78,Dry,2014
kevin_magnussen,Monaco Grand Prix,"20 Bd Albert 1er, 98000 Monaco",Super soft,26,Soft,51,,,,,,,,,8,10,3.340 km,19,78,Dry,2014
ericsson,Monaco Grand Prix,"21 Bd Albert 1er, 98000 Monaco",Soft,25,Super soft,26,Super soft,26,,,,,,,PIT,11,3.340 km,19,78,Dry,2014
Kimi Raikkonen,Monaco Grand Prix,"22 Bd Albert 1er, 98000 Monaco",Super soft,26,Soft,2,Soft,45,Super soft,4,,,,,6,12,3.340 km,19,78,Dry,2014
kobayashi,Monaco Grand Prix,"23 Bd Albert 1er, 98000 Monaco",Super soft,25,Soft,37,Super soft,13,,,,,,,20,13,3.340 km,19,78,Dry,2014
chilton,Monaco Grand Prix,"24 Bd Albert 1er, 98000 Monaco",Soft,24,Super soft,3,Super soft,39,Super soft,9,,,,,19,14,3.340 km,19,78,Dry,2014
Esteban Gutierrez,Monaco Grand Prix,"25 Bd Albert 1er, 98000 Monaco",Super soft,25,Soft,34,,,,,,,,,17,DNF,3.340 km,19,78,Dry,2014
bottas,Monaco Grand Prix,"26 Bd Albert 1er, 98000 Monaco",Super soft,26,Soft,29,,,,,,,,,13,DNF,3.340 km,19,78,Dry,2014
Jean-Eric Vergne,Monaco Grand Prix,"27 Bd Albert 1er, 98000 Monaco",Super soft,26,Soft,24,,,,,,,,,7,DNF,3.340 km,19,78,Dry,2014
sutil,Monaco Grand Prix,"28 Bd Albert 1er, 98000 Monaco",Soft,1,Super soft,22,,,,,,,,,18,DNF,3.340 km,19,78,Dry,2014
kvyat,Monaco Grand Prix,"29 Bd Albert 1er, 98000 Monaco",Super soft,10,,,,,,,,,,,9,DNF,3.340 km,19,78,Dry,2014
vettel,Monaco Grand Prix,"30 Bd Albert 1er, 98000 Monaco",Super soft,4,Soft,1,,,,,,,,,4,DNF,3.340 km,19,78,Dry,2014
maldonado,Monaco Grand Prix,"31 Bd Albert 1er, 98000 Monaco",Soft,0,,,,,,,,,,,15,DNF,3.340 km,19,78,Dry,2014
Sergio Perez,Monaco Grand Prix,"32 Bd Albert 1er, 98000 Monaco",Super soft,0,,,,,,,,,,,10,DNF,3.340 km,19,78,Dry,2014
hamilton,Russian Grand Prix,"Triumfalnaya St, 26, ??????, Krasnodar Krai, Russia, 354340",Soft,27,Medium,26,,,,,,,,,1,1,5.848 km,19,53,Dry,2014
rosberg,Russian Grand Prix,"Triumfalnaya St, 26, ??????, Krasnodar Krai, Russia, 354341",Soft,1,Medium,52,,,,,,,,,2,2,5.848 km,19,53,Dry,2014
bottas,Russian Grand Prix,"Triumfalnaya St, 26, ??????, Krasnodar Krai, Russia, 354342",Soft,26,Medium,27,,,,,,,,,3,3,5.848 km,19,53,Dry,2014
button,Russian Grand Prix,"Triumfalnaya St, 26, ??????, Krasnodar Krai, Russia, 354343",Soft,22,Medium,31,,,,,,,,,4,4,5.848 km,19,53,Dry,2014
kevin_magnussen,Russian Grand Prix,"Triumfalnaya St, 26, ??????, Krasnodar Krai, Russia, 354344",Soft,26,Medium,27,,,,,,,,,11,5,5.848 km,19,53,Dry,2014
alonso,Russian Grand Prix,"Triumfalnaya St, 26, ??????, Krasnodar Krai, Russia, 354345",Soft,25,Medium,28,,,,,,,,,7,6,5.848 km,19,53,Dry,2014
ricciardo,Russian Grand Prix,"Triumfalnaya St, 26, ??????, Krasnodar Krai, Russia, 354346",Soft,11,Medium,42,,,,,,,,,6,7,5.848 km,19,53,Dry,2014
vettel,Russian Grand Prix,"Triumfalnaya St, 26, ??????, Krasnodar Krai, Russia, 354347",Soft,30,Medium,23,,,,,,,,,10,8,5.848 km,19,53,Dry,2014
Kimi Raikkonen,Russian Grand Prix,"Triumfalnaya St, 26, ??????, Krasnodar Krai, Russia, 354348",Soft,26,Medium,27,,,,,,,,,8,9,5.848 km,19,53,Dry,2014
Sergio Perez,Russian Grand Prix,"Triumfalnaya St, 26, ??????, Krasnodar Krai, Russia, 354349",Medium,25,Soft,28,,,,,,,,,12,10,5.848 km,19,53,Dry,2014
massa,Russian Grand Prix,"Triumfalnaya St, 26, ??????, Krasnodar Krai, Russia, 354350",Medium,1,Soft,26,Soft,26,,,,,,,18,11,5.848 km,19,53,Dry,2014
Nico Hulkenberg,Russian Grand Prix,"Triumfalnaya St, 26, ??????, Krasnodar Krai, Russia, 354351",Medium,24,Soft,29,,,,,,,,,17,12,5.848 km,19,53,Dry,2014
Jean-Eric Vergne,Russian Grand Prix,"Triumfalnaya St, 26, ??????, Krasnodar Krai, Russia, 354352",Soft,23,Medium,30,,,,,,,,,9,13,5.848 km,19,53,Dry,2014
kvyat,Russian Grand Prix,"Triumfalnaya St, 26, ??????, Krasnodar Krai, Russia, 354353",Soft,20,Medium,17,Soft,15,,,,,,,5,14,5.848 km,19,53,Dry,2014
Esteban Gutierrez,Russian Grand Prix,"Triumfalnaya St, 26, ??????, Krasnodar Krai, Russia, 354354",Soft,39,Medium,13,,,,,,,,,13,15,5.848 km,19,53,Dry,2014
sutil,Russian Grand Prix,"Triumfalnaya St, 26, ??????, Krasnodar Krai, Russia, 354355",Medium,12,Soft,40,,,,,,,,,14,16,5.848 km,19,53,Dry,2014
grosjean,Russian Grand Prix,"Triumfalnaya St, 26, ??????, Krasnodar Krai, Russia, 354356",Soft,20,Medium,32,,,,,,,,,15,17,5.848 km,19,53,Dry,2014
maldonado,Russian Grand Prix,"Triumfalnaya St, 26, ??????, Krasnodar Krai, Russia, 354357",Medium,21,Soft,31,,,,,,,,,21,18,5.848 km,19,53,Dry,2014
ericsson,Russian Grand Prix,"Triumfalnaya St, 26, ??????, Krasnodar Krai, Russia, 354358",Soft,27,Medium,16,Soft,8,,,,,,,16,19,5.848 km,19,53,Dry,2014
kobayashi,Russian Grand Prix,"Triumfalnaya St, 26, ??????, Krasnodar Krai, Russia, 354359",Medium,21,,,,,,,,,,,19,DNF,5.848 km,19,53,Dry,2014
chilton,Russian Grand Prix,"Triumfalnaya St, 26, ??????, Krasnodar Krai, Russia, 354360",Medium,4,Soft,5,,,,,,,,,20,DNF,5.848 km,19,53,Dry,2014
hamilton,Singapore Grand Prix,"Marina Bay, Singapore",Super soft,13,Super soft,13,Super Soft,26,Soft,8,,,,,1,1,5.065 km,23,61,Dry,2014
vettel,Singapore Grand Prix,"Marina Bay, Singapore",Super soft,12,Super soft,13,Soft,35,,,,,,,4,2,5.065 km,23,61,Dry,2014
ricciardo,Singapore Grand Prix,"Marina Bay, Singapore",Super soft,12,Super soft,15,Soft,33,,,,,,,3,3,5.065 km,23,61,Dry,2014
alonso,Singapore Grand Prix,"Marina Bay, Singapore",Super soft,12,Super soft,12,Super soft,7,Soft,29,,,,,5,4,5.065 km,23,61,Dry,2014
massa,Singapore Grand Prix,"Marina Bay, Singapore",Super soft,10,Super soft,12,Soft,38,,,,,,,6,5,5.065 km,23,61,Dry,2014
Jean-Eric Vergne,Singapore Grand Prix,"Marina Bay, Singapore",Super soft,11,Super soft,13,Super soft,20,Soft,16,,,,,12,6,5.065 km,23,61,Dry,2014
Sergio Perez,Singapore Grand Prix,"Marina Bay, Singapore",Super soft,15,Soft,14,Super soft,1,Soft,14,Super soft,16,,,15,7,5.065 km,23,61,Dry,2014
Kimi Raikkonen,Singapore Grand Prix,"Marina Bay, Singapore",Super soft,11,Super soft,14,Super soft,6,Soft,29,,,,,7,8,5.065 km,23,61,Dry,2014
Nico Hulkenberg,Singapore Grand Prix,"Marina Bay, Singapore",Super soft,9,Super soft,16,Soft,6,Soft,29,,,,,13,9,5.065 km,23,61,Dry,2014
kevin_magnussen,Singapore Grand Prix,"Marina Bay, Singapore",Super soft,13,Soft,13,Super soft,20,Super soft,14,,,,,9,10,5.065 km,23,61,Dry,2014
bottas,Singapore Grand Prix,"Marina Bay, Singapore",Super soft,11,Super soft,12,Soft,37,,,,,,,8,11,5.065 km,23,61,Dry,2014
maldonado,Singapore Grand Prix,"Marina Bay, Singapore",Super soft,11,Super soft,12,Super soft,7,Super soft,1,Soft,29,,,18,12,5.065 km,23,61,Dry,2014
grosjean,Singapore Grand Prix,"Marina Bay, Singapore",Super soft,10,Super soft,12,Super soft,8,Soft,30,,,,,16,13,5.065 km,23,61,Dry,2014
kvyat,Singapore Grand Prix,"Marina Bay, Singapore",Super soft,10,Soft,13,Super soft,20,Soft,17,,,,,10,14,5.065 km,23,61,Dry,2014
ericsson,Singapore Grand Prix,"Marina Bay, Singapore",Super soft,12,Super soft,18,Soft,30,,,,,,,22,15,5.065 km,23,61,Dry,2014
jules_bianchi,Singapore Grand Prix,"Marina Bay, Singapore",Super soft,15,Super soft,15,Soft,15,Super soft,15,,,,,19,16,5.065 km,23,61,Dry,2014
chilton,Singapore Grand Prix,"Marina Bay, Singapore",Super soft,16,Super soft,2,Soft,23,Super soft,18,,,,,21,17,5.065 km,23,61,Dry,2014
button,Singapore Grand Prix,"Marina Bay, Singapore",Super soft,14,Soft,17,Soft,21,,,,,,,11,DNF,5.065 km,23,61,Dry,2014
sutil,Singapore Grand Prix,"Marina Bay, Singapore",Super soft,8,Super soft,16,Soft,7,Super soft,9,,,,,17,DNF,5.065 km,23,61,Dry,2014
Esteban Gutierrez,Singapore Grand Prix,"Marina Bay, Singapore",Super soft,15,Soft,2,,,,,,,,,14,DNF,5.065 km,23,61,Dry,2014
rosberg,Singapore Grand Prix,"Marina Bay, Singapore",Super soft,13,,,,,,,,,,,2,DNF,5.065 km,23,61,Dry,2014
kobayashi,Singapore Grand Prix,"Marina Bay, Singapore",,,,,,,,,,,,,20,DNF,5.065 km,23,61,Dry,2014
hamilton,Spanish Grand Prix,"Carrer Mas Moreneta, s/n, 08160, Barcelona, Spain",Medium,18,Medium,25,Hard,23,,,,,,,1,1,4.655 km,16,66,Dry,2014
rosberg,Spanish Grand Prix,"Carrer Mas Moreneta, s/n, 08160, Barcelona, Spain",Medium,21,Hard,24,Medium,21,,,,,,,2,2,4.655 km,16,66,Dry,2014
ricciardo,Spanish Grand Prix,"Carrer Mas Moreneta, s/n, 08160, Barcelona, Spain",Medium,14,Medium,31,Hard,21,,,,,,,3,3,4.655 km,16,66,Dry,2014
vettel,Spanish Grand Prix,"Carrer Mas Moreneta, s/n, 08160, Barcelona, Spain",Medium,12,Hard,21,Medium,19,Medium,14,,,,,15,4,4.655 km,16,66,Dry,2014
bottas,Spanish Grand Prix,"Carrer Mas Moreneta, s/n, 08160, Barcelona, Spain",Medium,20,Medium,25,Hard,21,,,,,,,4,5,4.655 km,16,66,Dry,2014
alonso,Spanish Grand Prix,"Carrer Mas Moreneta, s/n, 08160, Barcelona, Spain",Medium,16,Medium,19,Hard,18,Medium,13,,,,,7,6,4.655 km,16,66,Dry,2014
Kimi Raikkonen,Spanish Grand Prix,"Carrer Mas Moreneta, s/n, 08160, Barcelona, Spain",Medium,17,Medium,26,Hard,22,,,,,,,6,7,4.655 km,16,66,Dry,2014
grosjean,Spanish Grand Prix,"Carrer Mas Moreneta, s/n, 08160, Barcelona, Spain",Medium,15,Medium,19,Hard,31,,,,,,,7,8,4.655 km,16,66,Dry,2014
Sergio Perez,Spanish Grand Prix,"Carrer Mas Moreneta, s/n, 08160, Barcelona, Spain",Medium,18,Hard,19,Medium,28,,,,,,,11,9,4.655 km,16,66,Dry,2014
Nico Hulkenberg,Spanish Grand Prix,"Carrer Mas Moreneta, s/n, 08160, Barcelona, Spain",Medium,17,Medium,19,Hard,29,,,,,,,10,10,4.655 km,16,66,Dry,2014
button,Spanish Grand Prix,"Carrer Mas Moreneta, s/n, 08160, Barcelona, Spain",Medium,17,Medium,19,Hard,29,,,,,,,8,11,4.655 km,16,66,Dry,2014
kevin_magnussen,Spanish Grand Prix,"Carrer Mas Moreneta, s/n, 08160, Barcelona, Spain",Medium,19,Medium,22,Hard,24,,,,,,,14,12,4.655 km,16,66,Dry,2014
massa,Spanish Grand Prix,"Carrer Mas Moreneta, s/n, 08160, Barcelona, Spain",Medium,15,Medium,13,Hard,18,Hard,19,,,,,9,13,4.655 km,16,66,Dry,2014
kvyat,Spanish Grand Prix,"Carrer Mas Moreneta, s/n, 08160, Barcelona, Spain",Medium,18,Medium,18,Hard,17,Medium,12,,,,,12,14,4.655 km,16,66,Dry,2014
maldonado,Spanish Grand Prix,"Carrer Mas Moreneta, s/n, 08160, Barcelona, Spain",Medium,15,Medium,22,Hard,28,,,,,,,22,15,4.655 km,16,66,Dry,2014
Esteban Gutierrez,Spanish Grand Prix,"Carrer Mas Moreneta, s/n, 08160, Barcelona, Spain",Medium,18,Medium,18,Hard,16,Medium,13,,,,,13,16,4.655 km,16,66,Dry,2014
sutil,Spanish Grand Prix,"Carrer Mas Moreneta, s/n, 08160, Barcelona, Spain",Medium,17,Medium,18,Hard,30,,,,,,,16,17,4.655 km,16,66,Dry,2014
jules_bianchi,Spanish Grand Prix,"Carrer Mas Moreneta, s/n, 08160, Barcelona, Spain",Medium,21,Medium,20,Hard,23,,,,,,,18,18,4.655 km,16,66,Dry,2014
chilton,Spanish Grand Prix,"Carrer Mas Moreneta, s/n, 08160, Barcelona, Spain",Medium,17,Medium,14,Medium,11,Hard,22,,,,,17,19,4.655 km,16,66,Dry,2014
ericsson,Spanish Grand Prix,"Carrer Mas Moreneta, s/n, 08160, Barcelona, Spain",Medium,18,Medium,22,Hard,24,,,,,,,19,20,4.655 km,16,66,Dry,2014
kobayashi,Spanish Grand Prix,"Carrer Mas Moreneta, s/n, 08160, Barcelona, Spain",Medium,23,Medium,11,,,,,,,,,20,DNF,4.655 km,16,66,Dry,2014
Jean-Eric Vergne,Spanish Grand Prix,"Carrer Mas Moreneta, s/n, 08160, Barcelona, Spain",Hard,16,Medium,8,,,,,,,,,21,DNF,4.655 km,16,66,Dry,2014
hamilton,United States Grand Prix,"9201 Circuit of the Americas Blvd, Austin, TX 78617, United States",Soft,16,Medium,17,Medium,23,,,,,,,2,1,5.513 km,20,56,Dry,2014
rosberg,United States Grand Prix,"9202 Circuit of the Americas Blvd, Austin, TX 78617, United States",Soft,15,Medium,19,Medium,22,,,,,,,1,2,5.513 km,20,56,Dry,2014
ricciardo,United States Grand Prix,"9203 Circuit of the Americas Blvd, Austin, TX 78617, United States",Soft,14,Medium,17,Medium,25,,,,,,,5,3,5.513 km,20,56,Dry,2014
massa,United States Grand Prix,"9204 Circuit of the Americas Blvd, Austin, TX 78617, United States",Soft,14,Soft,18,Medium,24,,,,,,,4,4,5.513 km,20,56,Dry,2014
bottas,United States Grand Prix,"9205 Circuit of the Americas Blvd, Austin, TX 78617, United States",Soft,15,Soft,15,Medium,26,,,,,,,3,5,5.513 km,20,56,Dry,2014
alonso,United States Grand Prix,"9206 Circuit of the Americas Blvd, Austin, TX 78617, United States",Soft,16,Medium,27,Soft,13,,,,,,,6,6,5.513 km,20,56,Dry,2014
vettel,United States Grand Prix,"9207 Circuit of the Americas Blvd, Austin, TX 78617, United States",Medium,1,Soft,1,Medium,24,Medium,22,Soft,8,,,PIT,7,5.513 km,20,56,Dry,2014
kevin_magnussen,United States Grand Prix,"9208 Circuit of the Americas Blvd, Austin, TX 78617, United States",Soft,1,Medium,26,Medium,29,,,,,,,7,8,5.513 km,20,56,Dry,2014
Jean-Eric Vergne,United States Grand Prix,"9209 Circuit of the Americas Blvd, Austin, TX 78617, United States",Soft,15,Soft,14,Medium,27,,,,,,,14,9,5.513 km,20,56,Dry,2014
maldonado,United States Grand Prix,"9210 Circuit of the Americas Blvd, Austin, TX 78617, United States",Soft,15,Medium,20,Medium,21,,,,,,,10,10,5.513 km,20,56,Dry,2014
grosjean,United States Grand Prix,"9211 Circuit of the Americas Blvd, Austin, TX 78617, United States",Soft,16,Soft,13,Medium,26,,,,,,,16,11,5.513 km,20,56,Dry,2014
button,United States Grand Prix,"9212 Circuit of the Americas Blvd, Austin, TX 78617, United States",Soft,1,Medium,27,Medium,27,,,,,,,12,12,5.513 km,20,56,Dry,2014
Kimi Raikkonen,United States Grand Prix,"9213 Circuit of the Americas Blvd, Austin, TX 78617, United States",Soft,17,Medium,25,Soft,10,Soft,3,,,,,8,13,5.513 km,20,56,Dry,2014
Esteban Gutierrez,United States Grand Prix,"9214 Circuit of the Americas Blvd, Austin, TX 78617, United States",Soft,1,Medium,19,Medium,20,Soft,15,,,,,15,14,5.513 km,20,56,Dry,2014
kvyat,United States Grand Prix,"9215 Circuit of the Americas Blvd, Austin, TX 78617, United States",Medium,21,Medium,20,Soft,10,Soft,4,,,,,17,15,5.513 km,20,56,Dry,2014
Nico Hulkenberg,United States Grand Prix,"9216 Circuit of the Americas Blvd, Austin, TX 78617, United States",Medium,1,Medium,15,,,,,,,,,13,DNF,5.513 km,20,56,Dry,2014
Sergio Perez,United States Grand Prix,"9217 Circuit of the Americas Blvd, Austin, TX 78617, United States",Soft,1,,,,,,,,,,,11,DNF,5.513 km,20,56,Dry,2014
sutil,United States Grand Prix,"9218 Circuit of the Americas Blvd, Austin, TX 78617, United States",,,,,,,,,,,,,9,DNF,5.513 km,20,56,Dry,2014
hamilton,Australian Grand Prix,"12 Aughtie Dr, Albert Park VIC 3206, Australia",Soft,25,Medium,33,,,,,,,,,1,1,5.554 km,21,55,Dry,2015
rosberg,Australian Grand Prix,"12 Aughtie Dr, Albert Park VIC 3206, Australia",Soft,26,Medium,32,,,,,,,,,2,2,5.554 km,21,55,Dry,2015
vettel,Australian Grand Prix,"12 Aughtie Dr, Albert Park VIC 3206, Australia",Soft,24,Medium,34,,,,,,,,,4,3,5.554 km,21,55,Dry,2015
massa,Australian Grand Prix,"12 Aughtie Dr, Albert Park VIC 3206, Australia",Soft,21,Medium,37,,,,,,,,,3,4,5.554 km,21,55,Dry,2015
Felipe Nasr,Australian Grand Prix,"12 Aughtie Dr, Albert Park VIC 3206, Australia",Soft,25,Medium,33,,,,,,,,,10,5,5.554 km,21,55,Dry,2015
ricciardo,Australian Grand Prix,"12 Aughtie Dr, Albert Park VIC 3206, Australia",Soft,23,Medium,34,,,,,,,,,6,6,5.554 km,21,55,Dry,2015
Nico Hulkenberg,Australian Grand Prix,"12 Aughtie Dr, Albert Park VIC 3206, Australia",Soft,21,Medium,23,Soft,13,,,,,,,13,7,5.554 km,21,55,Dry,2015
ericsson,Australian Grand Prix,"12 Aughtie Dr, Albert Park VIC 3206, Australia",Medium,1,Soft,25,Soft,17,Soft,14,,,,,15,8,5.554 km,21,55,Dry,2015
Carlos Sainz,Australian Grand Prix,"12 Aughtie Dr, Albert Park VIC 3206, Australia",Soft,24,Medium,33,,,,,,,,,7,9,5.554 km,21,55,Dry,2015
Sergio Perez,Australian Grand Prix,"12 Aughtie Dr, Albert Park VIC 3206, Australia",Medium,38,Soft,19,,,,,,,,,14,10,5.554 km,21,55,Dry,2015
button,Australian Grand Prix,"12 Aughtie Dr, Albert Park VIC 3206, Australia",Soft,27,Medium,29,,,,,,,,,16,11,5.554 km,21,55,Dry,2015
Kimi Raikkonen,Australian Grand Prix,"12 Aughtie Dr, Albert Park VIC 3206, Australia",Soft,16,Soft,24,Medium,0,,,,,,,5,12,5.554 km,21,55,Dry,2015
Max Verstappen,Australian Grand Prix,"12 Aughtie Dr, Albert Park VIC 3206, Australia",Medium,32,,,,,,,,,,,11,13,5.554 km,21,55,Dry,2015
vettel,Malaysian Grand Prix,"27, 64000 Sepang, Selangor, Malaysia",Medium,17,Medium,20,Hard,19,,,,,,,2,1,5.543 km,15,56,Dry,2015
hamilton,Malaysian Grand Prix,"27, 64000 Sepang, Selangor, Malaysia",Medium,4,Hard,20,Medium,14,Hard,18,,,,,1,2,5.543 km,15,56,Dry,2015
rosberg,Malaysian Grand Prix,"27, 64000 Sepang, Selangor, Malaysia",Medium,4,Hard,22,Hard,15,Medium,15,,,,,3,3,5.543 km,15,56,Dry,2015
Kimi Raikkonen,Malaysian Grand Prix,"27, 64000 Sepang, Selangor, Malaysia",Medium,2,Medium,12,Medium,20,Hard,22,,,,,11,4,5.543 km,15,56,Dry,2015
bottas,Malaysian Grand Prix,"27, 64000 Sepang, Selangor, Malaysia",Medium,4,Medium,21,Medium,15,Hard,16,,,,,8,5,5.543 km,15,56,Dry,2015
massa,Malaysian Grand Prix,"27, 64000 Sepang, Selangor, Malaysia",Medium,4,Medium,20,Medium,14,Hard,18,,,,,7,6,5.543 km,15,56,Dry,2015
Max Verstappen,Malaysian Grand Prix,"27, 64000 Sepang, Selangor, Malaysia",Medium,4,Hard,16,Hard,20,Medium,16,,,,,6,7,5.543 km,15,56,Dry,2015
Carlos Sainz,Malaysian Grand Prix,"27, 64000 Sepang, Selangor, Malaysia",Medium,14,Hard,18,Hard,23,,,,,,,15,8,5.543 km,15,56,Dry,2015
kvyat,Malaysian Grand Prix,"27, 64000 Sepang, Selangor, Malaysia",Medium,4,Medium,17,Hard,18,Hard,16,,,,,5,9,5.543 km,15,56,Dry,2015
ricciardo,Malaysian Grand Prix,"27, 64000 Sepang, Selangor, Malaysia",Medium,4,Medium,14,Hard,16,Hard,21,,,,,4,10,5.543 km,15,56,Dry,2015
grosjean,Malaysian Grand Prix,"27, 64000 Sepang, Selangor, Malaysia",Medium,15,Medium,11,Medium,8,Hard,21,,,,,10,11,5.543 km,15,56,Dry,2015
Felipe Nasr,Malaysian Grand Prix,"27, 64000 Sepang, Selangor, Malaysia",Medium,2,Hard,18,Hard,10,Hard,13,Medium,12,,,16,12,5.543 km,15,56,Dry,2015
Sergio Perez,Malaysian Grand Prix,"27, 64000 Sepang, Selangor, Malaysia",Medium,17,Hard,18,Medium,20,,,,,,,14,13,5.543 km,15,56,Dry,2015
Nico Hulkenberg,Malaysian Grand Prix,"27, 64000 Sepang, Selangor, Malaysia",Medium,15,Medium,16,Hard,13,Hard,11,,,,,13,14,5.543 km,15,56,Dry,2015
Roberto Merhi,Malaysian Grand Prix,"27, 64000 Sepang, Selangor, Malaysia",Medium,5,Hard,17,Medium,20,Medium,11,,,,,19,15,5.543 km,15,56,Dry,2015
maldonado,Malaysian Grand Prix,"27, 64000 Sepang, Selangor, Malaysia",Medium,1,Medium,17,Medium,15,Hard,14,,,,,12,16,5.543 km,15,56,Dry,2015
button,Malaysian Grand Prix,"27, 64000 Sepang, Selangor, Malaysia",Hard,4,Medium,17,Medium,14,Medium,6,,,,,17,17,5.543 km,15,56,Dry,2015
alonso,Malaysian Grand Prix,"27, 64000 Sepang, Selangor, Malaysia",Hard,4,Medium,17,,,,,,,,,18,18,5.543 km,15,56,Dry,2015
ericsson,Malaysian Grand Prix,"27, 64000 Sepang, Selangor, Malaysia",Medium,3,,,,,,,,,,,9,19,5.543 km,15,56,Dry,2015
hamilton,Bahrain Grand Prix,"Gate 255, Gulf of Bahrain Avenue Umm Jidar, Sakhir? 1062, Bahrain",Soft,15,Soft,18,Medium,24,,,,,,,1,1,5.412 km,15,57,Dry,2015
Kimi Raikkonen,Bahrain Grand Prix,"Gate 255, Gulf of Bahrain Avenue Umm Jidar, Sakhir? 1062, Bahrain",Soft,17,Medium,23,Soft,17,,,,,,,4,2,5.412 km,15,57,Dry,2015
rosberg,Bahrain Grand Prix,"Gate 255, Gulf of Bahrain Avenue Umm Jidar, Sakhir? 1062, Bahrain",Soft,14,Soft,20,Medium,23,,,,,,,3,3,5.412 km,15,57,Dry,2015
bottas,Bahrain Grand Prix,"Gate 255, Gulf of Bahrain Avenue Umm Jidar, Sakhir? 1062, Bahrain",Soft,14,Soft,19,Medium,24,,,,,,,5,4,5.412 km,15,57,Dry,2015
vettel,Bahrain Grand Prix,"Gate 255, Gulf of Bahrain Avenue Umm Jidar, Sakhir? 1062, Bahrain",Soft,13,Soft,19,Medium,4,Medium,21,,,,,2,5,5.412 km,15,57,Dry,2015
ricciardo,Bahrain Grand Prix,"Gate 255, Gulf of Bahrain Avenue Umm Jidar, Sakhir? 1062, Bahrain",Soft,14,Soft,21,Medium,22,,,,,,,7,6,5.412 km,15,57,Dry,2015
grosjean,Bahrain Grand Prix,"Gate 255, Gulf of Bahrain Avenue Umm Jidar, Sakhir? 1062, Bahrain",Soft,12,Soft,19,Medium,26,,,,,,,10,7,5.412 km,15,57,Dry,2015
Sergio Perez,Bahrain Grand Prix,"Gate 255, Gulf of Bahrain Avenue Umm Jidar, Sakhir? 1062, Bahrain",Soft,17,Soft,20,Medium,19,,,,,,,11,8,5.412 km,15,57,Dry,2015
kvyat,Bahrain Grand Prix,"Gate 255, Gulf of Bahrain Avenue Umm Jidar, Sakhir? 1062, Bahrain",Soft,15,Soft,19,Medium,22,,,,,,,17,9,5.412 km,15,57,Dry,2015
massa,Bahrain Grand Prix,"Gate 255, Gulf of Bahrain Avenue Umm Jidar, Sakhir? 1062, Bahrain",Soft,10,Soft,14,Medium,32,,,,,,,6,10,5.412 km,15,57,Dry,2015
alonso,Bahrain Grand Prix,"Gate 255, Gulf of Bahrain Avenue Umm Jidar, Sakhir? 1062, Bahrain",Soft,13,Medium,22,Soft,21,,,,,,,14,11,5.412 km,15,57,Dry,2015
Felipe Nasr,Bahrain Grand Prix,"Gate 255, Gulf of Bahrain Avenue Umm Jidar, Sakhir? 1062, Bahrain",Soft,10,Soft,14,Soft,17,Medium,15,,,,,12,12,5.412 km,15,57,Dry,2015
Nico Hulkenberg,Bahrain Grand Prix,"Gate 255, Gulf of Bahrain Avenue Umm Jidar, Sakhir? 1062, Bahrain",Soft,10,Soft,15,Medium,13,Medium,18,,,,,8,13,5.412 km,15,57,Dry,2015
ericsson,Bahrain Grand Prix,"Gate 255, Gulf of Bahrain Avenue Umm Jidar, Sakhir? 1062, Bahrain",Soft,11,Soft,14,Soft,12,Medium,19,,,,,13,14,5.412 km,15,57,Dry,2015
maldonado,Bahrain Grand Prix,"Gate 255, Gulf of Bahrain Avenue Umm Jidar, Sakhir? 1062, Bahrain",Medium,10,Soft,14,Soft,17,Soft,15,,,,,16,15,5.412 km,15,57,Dry,2015
Will Stevens,Bahrain Grand Prix,"Gate 255, Gulf of Bahrain Avenue Umm Jidar, Sakhir? 1062, Bahrain",Soft,19,Soft,14,Medium,22,,,,,,,18,16,5.412 km,15,57,Dry,2015
Roberto Merhi,Bahrain Grand Prix,"Gate 255, Gulf of Bahrain Avenue Umm Jidar, Sakhir? 1062, Bahrain",Soft,18,Soft,16,Medium,20,,,,,,,19,17,5.412 km,15,57,Dry,2015
Max Verstappen,Bahrain Grand Prix,"Gate 255, Gulf of Bahrain Avenue Umm Jidar, Sakhir? 1062, Bahrain",Soft,6,Medium,24,Soft,4,,,,,,,15,DNF,5.412 km,15,57,Dry,2015
Carlos Sainz,Bahrain Grand Prix,"Gate 255, Gulf of Bahrain Avenue Umm Jidar, Sakhir? 1062, Bahrain",Soft,11,Medium,18,,,,,,,,,9,DNF,5.412 km,15,57,Dry,2015
hamilton,Chinese Grand Prix,"China, Shanghai, Jiading Disict, ???2000? ????: 201800",Soft,14,Soft,19,Medium,23,,,,,,,1,1,5.451 km,16,56,Dry,2015
rosberg,Chinese Grand Prix,"China, Shanghai, Jiading Disict, ???2000? ????: 201800",Soft,15,Soft,16,Medium,25,,,,,,,2,2,5.451 km,16,56,Dry,2015
vettel,Chinese Grand Prix,"China, Shanghai, Jiading Disict, ???2000? ????: 201800",Soft,13,Soft,17,Medium,26,,,,,,,3,3,5.451 km,16,56,Dry,2015
Kimi Raikkonen,Chinese Grand Prix,"China, Shanghai, Jiading Disict, ???2000? ????: 201800",Soft,15,Soft,19,Medium,22,,,,,,,6,4,5.451 km,16,56,Dry,2015
massa,Chinese Grand Prix,"China, Shanghai, Jiading Disict, ???2000? ????: 201800",Soft,13,Medium,21,Medium,22,,,,,,,4,5,5.451 km,16,56,Dry,2015
bottas,Chinese Grand Prix,"China, Shanghai, Jiading Disict, ???2000? ????: 201800",Soft,14,Medium,21,Medium,21,,,,,,,5,6,5.451 km,16,56,Dry,2015
grosjean,Chinese Grand Prix,"China, Shanghai, Jiading Disict, ???2000? ????: 201800",Soft,12,Medium,20,Medium,24,,,,,,,8,7,5.451 km,16,56,Dry,2015
Felipe Nasr,Chinese Grand Prix,"China, Shanghai, Jiading Disict, ???2000? ????: 201800",Soft,10,Medium,21,Medium,25,,,,,,,9,8,5.451 km,16,56,Dry,2015
ricciardo,Chinese Grand Prix,"China, Shanghai, Jiading Disict, ???2000? ????: 201800",Soft,14,Soft,22,Medium,20,,,,,,,7,9,5.451 km,16,56,Dry,2015
ericsson,Chinese Grand Prix,"China, Shanghai, Jiading Disict, ???2000? ????: 201800",Soft,14,Soft,16,Medium,25,,,,,,,10,10,5.451 km,16,56,Dry,2015
Sergio Perez,Chinese Grand Prix,"China, Shanghai, Jiading Disict, ???2000? ????: 201800",Soft,11,Soft,15,Soft,15,Medium,14,,,,,15,11,5.451 km,16,56,Dry,2015
alonso,Chinese Grand Prix,"China, Shanghai, Jiading Disict, ???2000? ????: 201800",Soft,12,Medium,23,Soft,20,,,,,,,18,12,5.451 km,16,56,Dry,2015
button,Chinese Grand Prix,"China, Shanghai, Jiading Disict, ???2000? ????: 201800",Soft,14,Soft,18,Medium,23,,,,,,,17,13,5.451 km,16,56,Dry,2015
Carlos Sainz,Chinese Grand Prix,"China, Shanghai, Jiading Disict, ???2000? ????: 201800",Medium,19,Soft,20,Soft,16,,,,,,,14,14,5.451 km,16,56,Dry,2015
Will Stevens,Chinese Grand Prix,"China, Shanghai, Jiading Disict, ???2000? ????: 201800",Soft,16,Medium,22,Soft,16,,,,,,,19,15,5.451 km,16,56,Dry,2015
Roberto Merhi,Chinese Grand Prix,"China, Shanghai, Jiading Disict, ???2000? ????: 201800",Soft,17,Medium,23,Soft,14,,,,,,,20,16,5.451 km,16,56,Dry,2015
Max Verstappen,Chinese Grand Prix,"China, Shanghai, Jiading Disict, ???2000? ????: 201800",Soft,12,Medium,20,Medium,20,,,,,,,13,17,5.451 km,16,56,Dry,2015
maldonado,Chinese Grand Prix,"China, Shanghai, Jiading Disict, ???2000? ????: 201800",Soft,11,Medium,22,Medium,16,,,,,,,11,DNF,5.451 km,16,56,Dry,2015
kvyat,Chinese Grand Prix,"China, Shanghai, Jiading Disict, ???2000? ????: 201800",Medium,15,,,,,,,,,,,12,DNF,5.451 km,16,56,Dry,2015
Nico Hulkenberg,Chinese Grand Prix,"China, Shanghai, Jiading Disict, ???2000? ????: 201800",Soft,9,,,,,,,,,,,16,DNF,5.451 km,16,56,Dry,2015
rosberg,Spanish Grand Prix,"Carrer Mas Moreneta, s/n, 08160, Barcelona, Spain",Medium,15,Medium,30,Hard,21,,,,,,,1,1,4.655 km,16,66,Dry,2015
hamilton,Spanish Grand Prix,"Carrer Mas Moreneta, s/n, 08160, Barcelona, Spain",Medium,13,Medium,19,Hard,19,Medium,15,,,,,2,2,4.655 km,16,66,Dry,2015
vettel,Spanish Grand Prix,"Carrer Mas Moreneta, s/n, 08160, Barcelona, Spain",Medium,14,Medium,26,Hard,26,,,,,,,3,3,4.655 km,16,66,Dry,2015
bottas,Spanish Grand Prix,"Carrer Mas Moreneta, s/n, 08160, Barcelona, Spain",Medium,15,Medium,27,Hard,24,,,,,,,4,4,4.655 km,16,66,Dry,2015
Kimi Raikkonen,Spanish Grand Prix,"Carrer Mas Moreneta, s/n, 08160, Barcelona, Spain",Medium,17,Hard,24,Medium,25,,,,,,,7,5,4.655 km,16,66,Dry,2015
massa,Spanish Grand Prix,"Carrer Mas Moreneta, s/n, 08160, Barcelona, Spain",Medium,14,Medium,18,Hard,15,Medium,19,,,,,9,6,4.655 km,16,66,Dry,2015
ricciardo,Spanish Grand Prix,"Carrer Mas Moreneta, s/n, 08160, Barcelona, Spain",Medium,13,Medium,29,Hard,23,,,,,,,10,7,4.655 km,16,66,Dry,2015
grosjean,Spanish Grand Prix,"Carrer Mas Moreneta, s/n, 08160, Barcelona, Spain",Medium,15,Medium,25,Hard,25,,,,,,,11,8,4.655 km,16,66,Dry,2015
Carlos Sainz,Spanish Grand Prix,"Carrer Mas Moreneta, s/n, 08160, Barcelona, Spain",Medium,14,Hard,28,Medium,23,,,,,,,5,9,4.655 km,16,66,Dry,2015
kvyat,Spanish Grand Prix,"Carrer Mas Moreneta, s/n, 08160, Barcelona, Spain",Medium,11,Medium,27,Hard,27,,,,,,,8,10,4.655 km,16,66,Dry,2015
Max Verstappen,Spanish Grand Prix,"Carrer Mas Moreneta, s/n, 08160, Barcelona, Spain",Medium,13,Hard,24,Hard,28,,,,,,,6,11,4.655 km,16,66,Dry,2015
Felipe Nasr,Spanish Grand Prix,"Carrer Mas Moreneta, s/n, 08160, Barcelona, Spain",Medium,12,Medium,27,Hard,26,,,,,,,15,12,4.655 km,16,66,Dry,2015
Sergio Perez,Spanish Grand Prix,"Carrer Mas Moreneta, s/n, 08160, Barcelona, Spain",Medium,19,Hard,17,Medium,29,,,,,,,18,13,4.655 km,16,66,Dry,2015
ericsson,Spanish Grand Prix,"Carrer Mas Moreneta, s/n, 08160, Barcelona, Spain",Medium,18,Medium,27,Hard,20,,,,,,,16,14,4.655 km,16,66,Dry,2015
Nico Hulkenberg,Spanish Grand Prix,"Carrer Mas Moreneta, s/n, 08160, Barcelona, Spain",Medium,10,Medium,16,Medium,23,Hard,16,,,,,17,15,4.655 km,16,66,Dry,2015
button,Spanish Grand Prix,"Carrer Mas Moreneta, s/n, 08160, Barcelona, Spain",Medium,11,Hard,16,Medium,17,Medium,21,,,,,14,16,4.655 km,16,66,Dry,2015
Will Stevens,Spanish Grand Prix,"Carrer Mas Moreneta, s/n, 08160, Barcelona, Spain",Medium,16,Medium,16,Hard,15,Medium,16,,,,,19,17,4.655 km,16,66,Dry,2015
Roberto Merhi,Spanish Grand Prix,"Carrer Mas Moreneta, s/n, 08160, Barcelona, Spain",Medium,17,Medium,13,Hard,19,Medium,13,,,,,20,18,4.655 km,16,66,Dry,2015
maldonado,Spanish Grand Prix,"Carrer Mas Moreneta, s/n, 08160, Barcelona, Spain",Medium,14,Medium,1,Medium,28,Hard,2,,,,,12,DNF,4.655 km,16,66,Dry,2015
alonso,Spanish Grand Prix,"Carrer Mas Moreneta, s/n, 08160, Barcelona, Spain",Medium,21,Hard,5,,,,,,,,,13,DNF,4.655 km,16,66,Dry,2015
rosberg,Monaco Grand Prix,"11 Bd Albert 1er, 98000 Monaco",Super soft,37,Soft,41,,,,,,,,,2,1,3.340 km,19,78,Dry,2015
vettel,Monaco Grand Prix,"12 Bd Albert 1er, 98000 Monaco",Super soft,36,Soft,42,,,,,,,,,3,2,3.340 km,19,78,Dry,2015
hamilton,Monaco Grand Prix,"13 Bd Albert 1er, 98000 Monaco",Super soft,38,Soft,27,Super soft,13,,,,,,,1,3,3.340 km,19,78,Dry,2015
kvyat,Monaco Grand Prix,"14 Bd Albert 1er, 98000 Monaco",Super soft,28,Soft,50,,,,,,,,,5,4,3.340 km,19,78,Dry,2015
ricciardo,Monaco Grand Prix,"15 Bd Albert 1er, 98000 Monaco",Super soft,36,Soft,29,Super soft,13,,,,,,,4,5,3.340 km,19,78,Dry,2015
Kimi Raikkonen,Monaco Grand Prix,"16 Bd Albert 1er, 98000 Monaco",Super soft,37,Soft,41,,,,,,,,,6,6,3.340 km,19,78,Dry,2015
Sergio Perez,Monaco Grand Prix,"17 Bd Albert 1er, 98000 Monaco",Super soft,36,Soft,28,Super soft,14,,,,,,,7,7,3.340 km,19,78,Dry,2015
button,Monaco Grand Prix,"18 Bd Albert 1er, 98000 Monaco",Super soft,35,Soft,29,Super soft,14,,,,,,,10,8,3.340 km,19,78,Dry,2015
Felipe Nasr,Monaco Grand Prix,"19 Bd Albert 1er, 98000 Monaco",Super soft,18,Soft,46,Super soft,14,,,,,,,14,9,3.340 km,19,78,Dry,2015
Carlos Sainz,Monaco Grand Prix,"20 Bd Albert 1er, 98000 Monaco",Super soft,12,Soft,66,,,,,,,,,PIT,10,3.340 km,19,78,Dry,2015
Nico Hulkenberg,Monaco Grand Prix,"21 Bd Albert 1er, 98000 Monaco",Soft,1,Super soft,30,Soft,47,,,,,,,11,11,3.340 km,19,78,Dry,2015
grosjean,Monaco Grand Prix,"22 Bd Albert 1er, 98000 Monaco",Super soft,17,Soft,61,,,,,,,,,15,12,3.340 km,19,78,Dry,2015
ericsson,Monaco Grand Prix,"23 Bd Albert 1er, 98000 Monaco",Super soft,14,Soft,24,Super soft,31,Super soft,9,,,,,17,13,3.340 km,19,78,Dry,2015
bottas,Monaco Grand Prix,"24 Bd Albert 1er, 98000 Monaco",Soft,14,Super soft,42,Super soft,22,,,,,,,16,14,3.340 km,19,78,Dry,2015
massa,Monaco Grand Prix,"25 Bd Albert 1er, 98000 Monaco",Super soft,1,Soft,38,Super soft,23,Super soft,15,,,,,12,15,3.340 km,19,78,Dry,2015
Roberto Merhi,Monaco Grand Prix,"26 Bd Albert 1er, 98000 Monaco",Soft,35,Super soft,41,,,,,,,,,19,16,3.340 km,19,78,Dry,2015
Will Stevens,Monaco Grand Prix,"27 Bd Albert 1er, 98000 Monaco",Soft,33,Super soft,43,,,,,,,,,18,17,3.340 km,19,78,Dry,2015
Max Verstappen,Monaco Grand Prix,"28 Bd Albert 1er, 98000 Monaco",Super soft,29,Soft,17,Super soft,16,,,,,,,9,DNF,3.340 km,19,78,Dry,2015
alonso,Monaco Grand Prix,"29 Bd Albert 1er, 98000 Monaco",Soft,32,Super soft,9,,,,,,,,,13,DNF,3.340 km,19,78,Dry,2015
maldonado,Monaco Grand Prix,"30 Bd Albert 1er, 98000 Monaco",Super soft,5,,,,,,,,,,,8,DNF,3.340 km,19,78,Dry,2015
hamilton,Canadian Grand Prix,"Parc Jean-Drapeau, Montr茅al, QC H3C 6A1, Canada",Super soft,29,Soft,41,,,,,,,,,1,1,4.361 km,13,70,Dry,2015
rosberg,Canadian Grand Prix,"Parc Jean-Drapeau, Montr茅al, QC H3C 6A1, Canada",Super soft,30,Soft,40,,,,,,,,,2,2,4.361 km,13,70,Dry,2015
bottas,Canadian Grand Prix,"Parc Jean-Drapeau, Montr茅al, QC H3C 6A1, Canada",Super soft,28,Soft,42,,,,,,,,,4,3,4.361 km,13,70,Dry,2015
Kimi Raikkonen,Canadian Grand Prix,"Parc Jean-Drapeau, Montr茅al, QC H3C 6A1, Canada",Super soft,26,Soft,14,Super soft,30,,,,,,,3,4,4.361 km,13,70,Dry,2015
vettel,Canadian Grand Prix,"Parc Jean-Drapeau, Montr茅al, QC H3C 6A1, Canada",Super soft,7,Soft,28,Soft,35,,,,,,,18,5,4.361 km,13,70,Dry,2015
massa,Canadian Grand Prix,"Parc Jean-Drapeau, Montr茅al, QC H3C 6A1, Canada",Soft,37,Super soft,33,,,,,,,,,15,6,4.361 km,13,70,Dry,2015
maldonado,Canadian Grand Prix,"Parc Jean-Drapeau, Montr茅al, QC H3C 6A1, Canada",Super soft,17,Soft,53,,,,,,,,,6,7,4.361 km,13,70,Dry,2015
Nico Hulkenberg,Canadian Grand Prix,"Parc Jean-Drapeau, Montr茅al, QC H3C 6A1, Canada",Super soft,28,Soft,41,,,,,,,,,7,8,4.361 km,13,70,Dry,2015
kvyat,Canadian Grand Prix,"Parc Jean-Drapeau, Montr茅al, QC H3C 6A1, Canada",Super soft,27,Soft,42,,,,,,,,,8,9,4.361 km,13,70,Dry,2015
grosjean,Canadian Grand Prix,"Parc Jean-Drapeau, Montr茅al, QC H3C 6A1, Canada",Super soft,27,Soft,22,Soft,20,,,,,,,5,10,4.361 km,13,70,Dry,2015
Sergio Perez,Canadian Grand Prix,"Parc Jean-Drapeau, Montr茅al, QC H3C 6A1, Canada",Super soft,24,Soft,45,,,,,,,,,10,11,4.361 km,13,70,Dry,2015
Carlos Sainz,Canadian Grand Prix,"Parc Jean-Drapeau, Montr茅al, QC H3C 6A1, Canada",Super soft,27,Soft,42,,,,,,,,,11,12,4.361 km,13,70,Dry,2015
ricciardo,Canadian Grand Prix,"Parc Jean-Drapeau, Montr茅al, QC H3C 6A1, Canada",Super soft,23,Soft,46,,,,,,,,,9,13,4.361 km,13,70,Dry,2015
ericsson,Canadian Grand Prix,"Parc Jean-Drapeau, Montr茅al, QC H3C 6A1, Canada",Super soft,28,Soft,41,,,,,,,,,12,14,4.361 km,13,70,Dry,2015
Max Verstappen,Canadian Grand Prix,"Parc Jean-Drapeau, Montr茅al, QC H3C 6A1, Canada",Soft,39,Super soft,30,,,,,,,,,19,15,4.361 km,13,70,Dry,2015
Felipe Nasr,Canadian Grand Prix,"Parc Jean-Drapeau, Montr茅al, QC H3C 6A1, Canada",Super soft,26,Soft,42,,,,,,,,,14,16,4.361 km,13,70,Dry,2015
Will Stevens,Canadian Grand Prix,"Parc Jean-Drapeau, Montr茅al, QC H3C 6A1, Canada",Soft,34,Super soft,13,Super soft,19,,,,,,,17,17,4.361 km,13,70,Dry,2015
Roberto Merhi,Canadian Grand Prix,"Parc Jean-Drapeau, Montr茅al, QC H3C 6A1, Canada",Soft,35,Super soft,22,,,,,,,,,16,DNF,4.361 km,13,70,Dry,2015
button,Canadian Grand Prix,"Parc Jean-Drapeau, Montr茅al, QC H3C 6A1, Canada",Soft,44,Super soft,10,,,,,,,,,20,DNF,4.361 km,13,70,Dry,2015
alonso,Canadian Grand Prix,"Parc Jean-Drapeau, Montr茅al, QC H3C 6A1, Canada",Super soft,31,Soft,13,,,,,,,,,13,DNF,4.361 km,13,70,Dry,2015
rosberg,Austrian Grand Prix,"Red Bull Ring Str. 1, 8724 Spielberg, Austria",Super soft,33,Soft,38,,,,,,,,,2,1,4.326 km,10,71,Dry,2015
hamilton,Austrian Grand Prix,"Red Bull Ring Str. 1, 8724 Spielberg, Austria",Super soft,35,Soft,36,,,,,,,,,1,2,4.326 km,10,71,Dry,2015
massa,Austrian Grand Prix,"Red Bull Ring Str. 1, 8724 Spielberg, Austria",Super soft,34,Soft,37,,,,,,,,,4,3,4.326 km,10,71,Dry,2015
vettel,Austrian Grand Prix,"Red Bull Ring Str. 1, 8724 Spielberg, Austria",Super soft,36,Soft,35,,,,,,,,,3,4,4.326 km,10,71,Dry,2015
bottas,Austrian Grand Prix,"Red Bull Ring Str. 1, 8724 Spielberg, Austria",Super soft,26,Soft,45,,,,,,,,,6,5,4.326 km,10,71,Dry,2015
Nico Hulkenberg,Austrian Grand Prix,"Red Bull Ring Str. 1, 8724 Spielberg, Austria",Super soft,25,Soft,46,,,,,,,,,5,6,4.326 km,10,71,Dry,2015
maldonado,Austrian Grand Prix,"Red Bull Ring Str. 1, 8724 Spielberg, Austria",Soft,37,Super soft,33,,,,,,,,,10,7,4.326 km,10,71,Dry,2015
Max Verstappen,Austrian Grand Prix,"Red Bull Ring Str. 1, 8724 Spielberg, Austria",Super soft,26,Soft,44,,,,,,,,,7,8,4.326 km,10,71,Dry,2015
Sergio Perez,Austrian Grand Prix,"Red Bull Ring Str. 1, 8724 Spielberg, Austria",Soft,38,Super soft,32,,,,,,,,,13,9,4.326 km,10,71,Dry,2015
ricciardo,Austrian Grand Prix,"Red Bull Ring Str. 1, 8724 Spielberg, Austria",Soft,50,Super soft,20,,,,,,,,,18,10,4.326 km,10,71,Dry,2015
Felipe Nasr,Austrian Grand Prix,"Red Bull Ring Str. 1, 8724 Spielberg, Austria",Super soft,24,Soft,46,,,,,,,,,8,11,4.326 km,10,71,Dry,2015
kvyat,Austrian Grand Prix,"Red Bull Ring Str. 1, 8724 Spielberg, Austria",Super soft,1,Soft,44,Super soft,25,,,,,,,15,12,4.326 km,10,71,Dry,2015
ericsson,Austrian Grand Prix,"Red Bull Ring Str. 1, 8724 Spielberg, Austria",Super soft,2,Soft,43,Soft,24,,,,,,,11,13,4.326 km,10,71,Dry,2015
Roberto Merhi,Austrian Grand Prix,"Red Bull Ring Str. 1, 8724 Spielberg, Austria",Super soft,34,Soft,34,,,,,,,,,16,14,4.326 km,10,71,Dry,2015
grosjean,Austrian Grand Prix,"Red Bull Ring Str. 1, 8724 Spielberg, Austria",Super soft,23,Soft,12,,,,,,,,,9,DNF,4.326 km,10,71,Dry,2015
Carlos Sainz,Austrian Grand Prix,"Red Bull Ring Str. 1, 8724 Spielberg, Austria",Super soft,25,Soft,10,,,,,,,,,12,DNF,4.326 km,10,71,Dry,2015
button,Austrian Grand Prix,"Red Bull Ring Str. 1, 8724 Spielberg, Austria",Super soft,3,Soft,3,Soft,2,,,,,,,20,DNF,4.326 km,10,71,Dry,2015
Will Stevens,Austrian Grand Prix,"Red Bull Ring Str. 1, 8724 Spielberg, Austria",Super soft,1,,,,,,,,,,,17,DNF,4.326 km,10,71,Dry,2015
hamilton,British Grand Prix,"Hilton Garden Inn, Silverstone Circuit, Towcester NN12 8TL",Medium,19,Hard,24,Intermediate,9,,,,,,,1,1,5.891 km,18,67,Mix,2015
rosberg,British Grand Prix,"Hilton Garden Inn, Silverstone Circuit, Towcester NN12 8TL",Medium,20,Hard,24,Intermediate,8,,,,,,,2,2,5.891 km,18,67,Mix,2015
vettel,British Grand Prix,"Hilton Garden Inn, Silverstone Circuit, Towcester NN12 8TL",Medium,14,Hard,29,Intermediate,9,,,,,,,6,3,5.891 km,18,67,Mix,2015
massa,British Grand Prix,"Hilton Garden Inn, Silverstone Circuit, Towcester NN12 8TL",Medium,20,Hard,24,Intermediate,8,,,,,,,3,4,5.891 km,18,67,Mix,2015
bottas,British Grand Prix,"Hilton Garden Inn, Silverstone Circuit, Towcester NN12 8TL",Medium,21,Hard,23,Intermediate,8,,,,,,,4,5,5.891 km,18,67,Mix,2015
kvyat,British Grand Prix,"Hilton Garden Inn, Silverstone Circuit, Towcester NN12 8TL",Medium,18,Hard,26,Intermediate,8,,,,,,,7,6,5.891 km,18,67,Mix,2015
Nico Hulkenberg,British Grand Prix,"Hilton Garden Inn, Silverstone Circuit, Towcester NN12 8TL",Medium,19,Hard,25,Intermediate,8,,,,,,,9,7,5.891 km,18,67,Mix,2015
Kimi Raikkonen,British Grand Prix,"Hilton Garden Inn, Silverstone Circuit, Towcester NN12 8TL",Medium,13,Hard,25,Intermediate,9,Intermediate,4,,,,,5,8,5.891 km,18,67,Mix,2015
Sergio Perez,British Grand Prix,"Hilton Garden Inn, Silverstone Circuit, Towcester NN12 8TL",Medium,20,Hard,24,Intermediate,7,,,,,,,11,9,5.891 km,18,67,Mix,2015
alonso,British Grand Prix,"Hilton Garden Inn, Silverstone Circuit, Towcester NN12 8TL",Medium,1,Hard,16,Medium,20,Intermediate,14,,,,,17,10,5.891 km,18,67,Mix,2015
ericsson,British Grand Prix,"Hilton Garden Inn, Silverstone Circuit, Towcester NN12 8TL",Medium,23,Hard,14,Intermediate,4,Medium,1,Intermediate,9,,,15,11,5.891 km,18,67,Mix,2015
Roberto Merhi,British Grand Prix,"Hilton Garden Inn, Silverstone Circuit, Towcester NN12 8TL",Medium,36,Intermediate,8,Intermediate,5,,,,,,,20,12,5.891 km,18,67,Mix,2015
Will Stevens,British Grand Prix,"Hilton Garden Inn, Silverstone Circuit, Towcester NN12 8TL",Medium,36,Intermediate,9,Intermediate,4,,,,,,,19,13,5.891 km,18,67,Mix,2015
Carlos Sainz,British Grand Prix,"Hilton Garden Inn, Silverstone Circuit, Towcester NN12 8TL",Medium,12,Hard,19,,,,,,,,,8,DNF,5.891 km,18,67,Mix,2015
ricciardo,British Grand Prix,"Hilton Garden Inn, Silverstone Circuit, Towcester NN12 8TL",Medium,11,Hard,9,Hard,1,,,,,,,10,DNF,5.891 km,18,67,Mix,2015
Max Verstappen,British Grand Prix,"Hilton Garden Inn, Silverstone Circuit, Towcester NN12 8TL",Hard,3,,,,,,,,,,,13,DNF,5.891 km,18,67,Mix,2015
vettel,Hungarian Grand Prix,"Mogyor贸d, Hungaroring utca 10, 2146 Hungary",Soft,21,Soft,22,Medium,26,,,,,,,3,1,4.381 km,14,70,Dry,2015
kvyat,Hungarian Grand Prix,"Mogyor贸d, Hungaroring utca 10, 2146 Hungary",Soft,13,Medium,20,Soft,36,,,,,,,7,2,4.381 km,14,70,Dry,2015
ricciardo,Hungarian Grand Prix,"Mogyor贸d, Hungaroring utca 10, 2146 Hungary",Soft,21,Medium,21,Soft,22,Soft,5,,,,,4,3,4.381 km,14,70,Dry,2015
Max Verstappen,Hungarian Grand Prix,"Mogyor贸d, Hungaroring utca 10, 2146 Hungary",Soft,14,Soft,23,Medium,9,Soft,23,,,,,9,4,4.381 km,14,70,Dry,2015
alonso,Hungarian Grand Prix,"Mogyor贸d, Hungaroring utca 10, 2146 Hungary",Soft,15,Soft,21,Medium,7,Soft,26,,,,,15,5,4.381 km,14,70,Dry,2015
hamilton,Hungarian Grand Prix,"Mogyor贸d, Hungaroring utca 10, 2146 Hungary",Soft,19,Soft,23,Medium,9,Soft,18,,,,,1,6,4.381 km,14,70,Dry,2015
grosjean,Hungarian Grand Prix,"Mogyor贸d, Hungaroring utca 10, 2146 Hungary",Soft,14,Soft,20,Medium,8,Soft,27,,,,,10,7,4.381 km,14,70,Dry,2015
rosberg,Hungarian Grand Prix,"Mogyor贸d, Hungaroring utca 10, 2146 Hungary",Soft,20,Medium,22,Medium,22,Soft,5,,,,,2,8,4.381 km,14,70,Dry,2015
button,Hungarian Grand Prix,"Mogyor贸d, Hungaroring utca 10, 2146 Hungary",Soft,14,Soft,21,Medium,34,,,,,,,16,9,4.381 km,14,70,Dry,2015
ericsson,Hungarian Grand Prix,"Mogyor贸d, Hungaroring utca 10, 2146 Hungary",Soft,16,Soft,17,Medium,8,Soft,28,,,,,17,10,4.381 km,14,70,Dry,2015
Felipe Nasr,Hungarian Grand Prix,"Mogyor贸d, Hungaroring utca 10, 2146 Hungary",Soft,14,Soft,18,Medium,10,Soft,27,,,,,18,11,4.381 km,14,70,Dry,2015
massa,Hungarian Grand Prix,"Mogyor贸d, Hungaroring utca 10, 2146 Hungary",Soft,14,Medium,15,Soft,25,Soft,15,,,,,8,12,4.381 km,14,70,Dry,2015
bottas,Hungarian Grand Prix,"Mogyor贸d, Hungaroring utca 10, 2146 Hungary",Soft,13,Soft,25,Medium,11,Soft,20,,,,,6,13,4.381 km,14,70,Dry,2015
maldonado,Hungarian Grand Prix,"Mogyor贸d, Hungaroring utca 10, 2146 Hungary",Medium,25,Soft,16,Soft,28,,,,,,,14,14,4.381 km,14,70,Dry,2015
Roberto Merhi,Hungarian Grand Prix,"Mogyor贸d, Hungaroring utca 10, 2146 Hungary",Soft,6,Soft,24,Medium,37,,,,,,,19,15,4.381 km,14,70,Dry,2015
Will Stevens,Hungarian Grand Prix,"Mogyor贸d, Hungaroring utca 10, 2146 Hungary",Soft,26,Soft,15,Medium,24,,,,,,,20,16,4.381 km,14,70,Dry,2015
Carlos Sainz,Hungarian Grand Prix,"Mogyor贸d, Hungaroring utca 10, 2146 Hungary",Soft,15,Soft,21,Medium,24,,,,,,,12,DNF,4.381 km,14,70,Dry,2015
Kimi Raikkonen,Hungarian Grand Prix,"Mogyor贸d, Hungaroring utca 10, 2146 Hungary",Soft,22,Soft,21,Medium,9,Soft,3,,,,,5,DNF,4.381 km,14,70,Dry,2015
Sergio Perez,Hungarian Grand Prix,"Mogyor贸d, Hungaroring utca 10, 2146 Hungary",Soft,16,Soft,14,Medium,11,Soft,12,,,,,13,DNF,4.381 km,14,70,Dry,2015
Nico Hulkenberg,Hungarian Grand Prix,"Mogyor贸d, Hungaroring utca 10, 2146 Hungary",Soft,15,Soft,21,Medium,5,,,,,,,11,DNF,4.381 km,14,70,Dry,2015
hamilton,Belgian Grand Prix,"Rte du Circuit 55, 4970 Stavelot, Belgium",Soft,13,Medium,17,Soft,13,,,,,,,1,1,7.004 km,20,53,Dry,2015
rosberg,Belgian Grand Prix,"Rte du Circuit 55, 4970 Stavelot, Belgium",Soft,12,Medium,19,Soft,12,,,,,,,2,2,7.004 km,20,53,Dry,2015
grosjean,Belgian Grand Prix,"Rte du Circuit 55, 4970 Stavelot, Belgium",Soft,9,Soft,12,Medium,22,,,,,,,9,3,7.004 km,20,53,Dry,2015
kvyat,Belgian Grand Prix,"Rte du Circuit 55, 4970 Stavelot, Belgium",Soft,9,Medium,18,Soft,16,,,,,,,12,4,7.004 km,20,53,Dry,2015
Sergio Perez,Belgian Grand Prix,"Rte du Circuit 55, 4970 Stavelot, Belgium",Soft,8,Soft,12,Medium,23,,,,,,,4,5,7.004 km,20,53,Dry,2015
massa,Belgian Grand Prix,"Rte du Circuit 55, 4970 Stavelot, Belgium",Soft,9,Medium,12,Medium,22,,,,,,,6,6,7.004 km,20,53,Dry,2015
Kimi Raikkonen,Belgian Grand Prix,"Rte du Circuit 55, 4970 Stavelot, Belgium",Soft,11,Soft,10,Medium,22,,,,,,,16,7,7.004 km,20,53,Dry,2015
Max Verstappen,Belgian Grand Prix,"Rte du Circuit 55, 4970 Stavelot, Belgium",Soft,9,Soft,12,Medium,11,Soft,11,,,,,18,8,7.004 km,20,53,Dry,2015
bottas,Belgian Grand Prix,"Rte du Circuit 55, 4970 Stavelot, Belgium",Soft,8,Soft,13,Medium,22,,,,,,,3,9,7.004 km,20,53,Dry,2015
ericsson,Belgian Grand Prix,"Rte du Circuit 55, 4970 Stavelot, Belgium",Soft,9,Medium,19,Soft,15,,,,,,,13,10,7.004 km,20,53,Dry,2015
Felipe Nasr,Belgian Grand Prix,"Rte du Circuit 55, 4970 Stavelot, Belgium",Medium,10,Soft,17,Soft,16,,,,,,,14,11,7.004 km,20,53,Dry,2015
vettel,Belgian Grand Prix,"Rte du Circuit 55, 4970 Stavelot, Belgium",Soft,14,Medium,28,,,,,,,,,8,12,7.004 km,20,53,Dry,2015
alonso,Belgian Grand Prix,"Rte du Circuit 55, 4970 Stavelot, Belgium",Medium,8,Soft,12,Soft,12,Soft,10,,,,,20,13,7.004 km,20,53,Dry,2015
button,Belgian Grand Prix,"Rte du Circuit 55, 4970 Stavelot, Belgium",Medium,11,Soft,9,Soft,15,Soft,7,,,,,19,14,7.004 km,20,53,Dry,2015
Roberto Merhi,Belgian Grand Prix,"Rte du Circuit 55, 4970 Stavelot, Belgium",Soft,15,Soft,14,Medium,13,,,,,,,17,15,7.004 km,20,53,Dry,2015
Will Stevens,Belgian Grand Prix,"Rte du Circuit 55, 4970 Stavelot, Belgium",Soft,16,Soft,14,Medium,12,,,,,,,15,16,7.004 km,20,53,Dry,2015
Carlos Sainz,Belgian Grand Prix,"Rte du Circuit 55, 4970 Stavelot, Belgium",Soft,5,Medium,18,Soft,9,,,,,,,10,DNF,7.004 km,20,53,Dry,2015
ricciardo,Belgian Grand Prix,"Rte du Circuit 55, 4970 Stavelot, Belgium",Soft,7,Medium,12,,,,,,,,,5,DNF,7.004 km,20,53,Dry,2015
maldonado,Belgian Grand Prix,"Rte du Circuit 55, 4970 Stavelot, Belgium",Soft,1,,,,,,,,,,,7,DNF,7.004 km,20,53,Dry,2015
Nico Hulkenberg,Belgian Grand Prix,"Rte du Circuit 55, 4970 Stavelot, Belgium",,,,,,,,,,,,,11,DNF,7.004 km,20,53,Dry,2015
hamilton,Italian Grand Prix,"Viale di Vedano, 5, 20900 Monza MB, Italy",Soft,26,Medium,27,,,,,,,,,1,1,5.793 km,11,53,Dry,2015
vettel,Italian Grand Prix,"Viale di Vedano, 5, 20900 Monza MB, Italy",Soft,25,Medium,28,,,,,,,,,3,2,5.793 km,11,53,Dry,2015
massa,Italian Grand Prix,"Viale di Vedano, 5, 20900 Monza MB, Italy",Soft,19,Medium,34,,,,,,,,,5,3,5.793 km,11,53,Dry,2015
bottas,Italian Grand Prix,"Viale di Vedano, 5, 20900 Monza MB, Italy",Soft,22,Medium,31,,,,,,,,,6,4,5.793 km,11,53,Dry,2015
Kimi Raikkonen,Italian Grand Prix,"Viale di Vedano, 5, 20900 Monza MB, Italy",Soft,28,Medium,25,,,,,,,,,2,5,5.793 km,11,53,Dry,2015
Sergio Perez,Italian Grand Prix,"Viale di Vedano, 5, 20900 Monza MB, Italy",Soft,23,Medium,30,,,,,,,,,7,5,5.793 km,11,53,Dry,2015
Nico Hulkenberg,Italian Grand Prix,"Viale di Vedano, 5, 20900 Monza MB, Italy",Soft,18,Medium,34,,,,,,,,,9,6,5.793 km,11,53,Dry,2015
ricciardo,Italian Grand Prix,"Viale di Vedano, 5, 20900 Monza MB, Italy",Medium,30,Soft,22,,,,,,,,,19,7,5.793 km,11,53,Dry,2015
ericsson,Italian Grand Prix,"Viale di Vedano, 5, 20900 Monza MB, Italy",Soft,20,Medium,32,,,,,,,,,12,8,5.793 km,11,53,Dry,2015
kvyat,Italian Grand Prix,"Viale di Vedano, 5, 20900 Monza MB, Italy",Medium,27,Soft,25,,,,,,,,,18,9,5.793 km,11,53,Dry,2015
Carlos Sainz,Italian Grand Prix,"Viale di Vedano, 5, 20900 Monza MB, Italy",Medium,10,Soft,20,Soft,22,,,,,,,17,10,5.793 km,11,53,Dry,2015
Max Verstappen,Italian Grand Prix,"Viale di Vedano, 5, 20900 Monza MB, Italy",Soft,19,Medium,14,Soft,19,,,,,,,20,11,5.793 km,11,53,Dry,2015
Felipe Nasr,Italian Grand Prix,"Viale di Vedano, 5, 20900 Monza MB, Italy",Soft,1,Medium,23,Medium,28,,,,,,,11,12,5.793 km,11,53,Dry,2015
button,Italian Grand Prix,"Viale di Vedano, 5, 20900 Monza MB, Italy",Soft,25,Medium,27,,,,,,,,,15,13,5.793 km,11,53,Dry,2015
Will Stevens,Italian Grand Prix,"Viale di Vedano, 5, 20900 Monza MB, Italy",Soft,26,Medium,25,,,,,,,,,13,14,5.793 km,11,53,Dry,2015
Roberto Merhi,Italian Grand Prix,"Viale di Vedano, 5, 20900 Monza MB, Italy",Soft,27,Medium,24,,,,,,,,,14,15,5.793 km,11,53,Dry,2015
rosberg,Italian Grand Prix,"Viale di Vedano, 5, 20900 Monza MB, Italy",Soft,18,Medium,32,,,,,,,,,4,16,5.793 km,11,53,Dry,2015
alonso,Italian Grand Prix,"Viale di Vedano, 5, 20900 Monza MB, Italy",Medium,28,Soft,19,,,,,,,,,16,17,5.793 km,11,53,Dry,2015
grosjean,Italian Grand Prix,"Viale di Vedano, 5, 20900 Monza MB, Italy",Soft,1,,,,,,,,,,,8,18,5.793 km,11,53,Dry,2015
maldonado,Italian Grand Prix,"Viale di Vedano, 5, 20900 Monza MB, Italy",Soft,1,,,,,,,,,,,10,DNF,5.793 km,11,53,Dry,2015
vettel,Singapore Grand Prix,"Marina Bay, Singapore",Super soft,13,Super soft,24,Soft,24,,,,,,,1,1,5.065 km,23,61,Dry,2015
ricciardo,Singapore Grand Prix,"Marina Bay, Singapore",Super soft,13,Super soft,24,Soft,24,,,,,,,2,2,5.065 km,23,61,Dry,2015
Kimi Raikkonen,Singapore Grand Prix,"Marina Bay, Singapore",Super soft,13,Super soft,24,Soft,24,,,,,,,3,3,5.065 km,23,61,Dry,2015
rosberg,Singapore Grand Prix,"Marina Bay, Singapore",Super soft,13,Soft,24,Soft,24,,,,,,,6,4,5.065 km,23,61,Dry,2015
bottas,Singapore Grand Prix,"Marina Bay, Singapore",Super soft,13,Super soft,24,Soft,24,,,,,,,7,5,5.065 km,23,61,Dry,2015
kvyat,Singapore Grand Prix,"Marina Bay, Singapore",Super soft,12,Super soft,21,Soft,28,,,,,,,4,6,5.065 km,23,61,Dry,2015
Sergio Perez,Singapore Grand Prix,"Marina Bay, Singapore",Super soft,13,Soft,21,Soft,27,,,,,,,13,7,5.065 km,23,61,Dry,2015
Max Verstappen,Singapore Grand Prix,"Marina Bay, Singapore",Super soft,12,Soft,24,Super soft,25,,,,,,,8,8,5.065 km,23,61,Dry,2015
Carlos Sainz,Singapore Grand Prix,"Marina Bay, Singapore",Super soft,10,Soft,18,Super soft,9,Super soft,24,,,,,14,9,5.065 km,23,61,Dry,2015
Felipe Nasr,Singapore Grand Prix,"Marina Bay, Singapore",Super soft,13,Soft,21,Soft,27,,,,,,,16,10,5.065 km,23,61,Dry,2015
ericsson,Singapore Grand Prix,"Marina Bay, Singapore",Super soft,10,Soft,18,Super soft,8,Soft,25,,,,,17,11,5.065 km,23,61,Dry,2015
maldonado,Singapore Grand Prix,"Marina Bay, Singapore",Super soft,10,Super soft,17,Soft,27,Super soft,7,,,,,18,12,5.065 km,23,61,Dry,2015
grosjean,Singapore Grand Prix,"Marina Bay, Singapore",Super soft,9,Soft,17,Soft,33,,,,,,,10,13,5.065 km,23,61,Dry,2015
Alexander Rossi,Singapore Grand Prix,"Marina Bay, Singapore",Super soft,13,Soft,23,Super soft,23,,,,,,,20,14,5.065 km,23,61,Dry,2015
Will Stevens,Singapore Grand Prix,"Marina Bay, Singapore",Super soft,14,Soft,23,Super soft,22,,,,,,,19,15,5.065 km,23,61,Dry,2015
button,Singapore Grand Prix,"Marina Bay, Singapore",Super soft,13,Soft,24,Soft,4,Super soft,11,,,,,15,DNF,5.065 km,23,61,Dry,2015
alonso,Singapore Grand Prix,"Marina Bay, Singapore",Super soft,10,Soft,23,,,,,,,,,12,DNF,5.065 km,23,61,Dry,2015
hamilton,Singapore Grand Prix,"Marina Bay, Singapore",Super soft,13,Soft,19,,,,,,,,,5,DNF,5.065 km,23,61,Dry,2015
massa,Singapore Grand Prix,"Marina Bay, Singapore",Super soft,12,Super soft,2,Soft,15,,,,,,,9,DNF,5.065 km,23,61,Dry,2015
Nico Hulkenberg,Singapore Grand Prix,"Marina Bay, Singapore",Super soft,11,Soft,1,,,,,,,,,11,DNF,5.065 km,23,61,Dry,2015
hamilton,Japanese Grand Prix,"7992 Inoucho, Suzuka, Mie 510-0295, Japan",Medium,16,Medium,15,Hard,22,,,,,,,2,1,5.807 km,18,53,Dry,2015
rosberg,Japanese Grand Prix,"7993 Inoucho, Suzuka, Mie 510-0295, Japan",Medium,15,Hard,14,Hard,24,,,,,,,1,2,5.807 km,18,53,Dry,2015
vettel,Japanese Grand Prix,"7994 Inoucho, Suzuka, Mie 510-0295, Japan",Medium,13,Hard,17,Hard,23,,,,,,,4,3,5.807 km,18,53,Dry,2015
Kimi Raikkonen,Japanese Grand Prix,"7995 Inoucho, Suzuka, Mie 510-0295, Japan",Medium,14,Hard,14,Hard,25,,,,,,,6,4,5.807 km,18,53,Dry,2015
bottas,Japanese Grand Prix,"7996 Inoucho, Suzuka, Mie 510-0295, Japan",Medium,11,Medium,18,Hard,24,,,,,,,3,5,5.807 km,18,53,Dry,2015
Nico Hulkenberg,Japanese Grand Prix,"7997 Inoucho, Suzuka, Mie 510-0295, Japan",Medium,10,Hard,21,Hard,22,,,,,,,13,6,5.807 km,18,53,Dry,2015
grosjean,Japanese Grand Prix,"7998 Inoucho, Suzuka, Mie 510-0295, Japan",Medium,11,Medium,22,Hard,20,,,,,,,8,7,5.807 km,18,53,Dry,2015
maldonado,Japanese Grand Prix,"7999 Inoucho, Suzuka, Mie 510-0295, Japan",Medium,12,Medium,24,Hard,17,,,,,,,11,8,5.807 km,18,53,Dry,2015
Max Verstappen,Japanese Grand Prix,"8000 Inoucho, Suzuka, Mie 510-0295, Japan",Medium,9,Hard,21,Medium,23,,,,,,,17,9,5.807 km,18,53,Dry,2015
Carlos Sainz,Japanese Grand Prix,"8001 Inoucho, Suzuka, Mie 510-0295, Japan",Medium,14,Hard,13,Hard,25,,,,,,,10,10,5.807 km,18,53,Dry,2015
alonso,Japanese Grand Prix,"8002 Inoucho, Suzuka, Mie 510-0295, Japan",Medium,9,Medium,19,Hard,24,,,,,,,12,11,5.807 km,18,53,Dry,2015
Sergio Perez,Japanese Grand Prix,"8003 Inoucho, Suzuka, Mie 510-0295, Japan",Medium,1,Hard,17,Hard,18,Hard,16,,,,,9,12,5.807 km,18,53,Dry,2015
kvyat,Japanese Grand Prix,"8004 Inoucho, Suzuka, Mie 510-0295, Japan",Medium,8,Hard,12,Medium,14,Hard,18,,,,,PIT,13,5.807 km,18,53,Dry,2015
ericsson,Japanese Grand Prix,"8005 Inoucho, Suzuka, Mie 510-0295, Japan",Medium,13,Medium,13,Hard,26,,,,,,,15,14,5.807 km,18,53,Dry,2015
ricciardo,Japanese Grand Prix,"8006 Inoucho, Suzuka, Mie 510-0295, Japan",Medium,1,Hard,23,Hard,28,,,,,,,7,15,5.807 km,18,53,Dry,2015
button,Japanese Grand Prix,"8007 Inoucho, Suzuka, Mie 510-0295, Japan",Hard,10,Medium,17,Medium,25,,,,,,,14,16,5.807 km,18,53,Dry,2015
massa,Japanese Grand Prix,"8008 Inoucho, Suzuka, Mie 510-0295, Japan",Medium,1,Hard,15,Medium,18,Medium,17,,,,,5,17,5.807 km,18,53,Dry,2015
Alexander Rossi,Japanese Grand Prix,"8009 Inoucho, Suzuka, Mie 510-0295, Japan",Medium,22,Hard,11,Medium,18,,,,,,,19,18,5.807 km,18,53,Dry,2015
Will Stevens,Japanese Grand Prix,"8010 Inoucho, Suzuka, Mie 510-0295, Japan",Medium,21,Hard,11,Medium,10,Medium,8,,,,,18,19,5.807 km,18,53,Dry,2015
Felipe Nasr,Japanese Grand Prix,"8011 Inoucho, Suzuka, Mie 510-0295, Japan",Medium,10,Hard,20,Medium,19,,,,,,,16,20,5.807 km,18,53,Dry,2015
hamilton,Russian Grand Prix,"Triumfalnaya St, 26, ??????, Krasnodar Krai, Russia, 354342",Super soft,32,Soft,21,,,,,,,,,2,1,5.848 km,19,53,Dry,2015
vettel,Russian Grand Prix,"Triumfalnaya St, 26, ??????, Krasnodar Krai, Russia, 354343",Super soft,30,Soft,23,,,,,,,,,4,2,5.848 km,19,53,Dry,2015
Sergio Perez,Russian Grand Prix,"Triumfalnaya St, 26, ??????, Krasnodar Krai, Russia, 354344",Super soft,12,Soft,41,,,,,,,,,7,3,5.848 km,19,53,Dry,2015
massa,Russian Grand Prix,"Triumfalnaya St, 26, ??????, Krasnodar Krai, Russia, 354345",Soft,30,Super soft,23,,,,,,,,,15,4,5.848 km,19,53,Dry,2015
kvyat,Russian Grand Prix,"Triumfalnaya St, 26, ??????, Krasnodar Krai, Russia, 354346",Super soft,33,Soft,20,,,,,,,,,11,5,5.848 km,19,53,Dry,2015
Felipe Nasr,Russian Grand Prix,"Triumfalnaya St, 26, ??????, Krasnodar Krai, Russia, 354347",Super soft,34,Soft,19,,,,,,,,,12,6,5.848 km,19,53,Dry,2015
maldonado,Russian Grand Prix,"Triumfalnaya St, 26, ??????, Krasnodar Krai, Russia, 354348",Soft,30,Super soft,23,,,,,,,,,14,7,5.848 km,19,53,Dry,2015
Kimi Raikkonen,Russian Grand Prix,"Triumfalnaya St, 26, ??????, Krasnodar Krai, Russia, 354349",Super soft,31,Soft,22,,,,,,,,,5,8,5.848 km,19,53,Dry,2015
button,Russian Grand Prix,"Triumfalnaya St, 26, ??????, Krasnodar Krai, Russia, 354350",Super soft,12,Soft,41,,,,,,,,,13,9,5.848 km,19,53,Dry,2015
Max Verstappen,Russian Grand Prix,"Triumfalnaya St, 26, ??????, Krasnodar Krai, Russia, 354351",Super soft,1,Soft,23,Super soft,29,,,,,,,9,10,5.848 km,19,53,Dry,2015
alonso,Russian Grand Prix,"Triumfalnaya St, 26, ??????, Krasnodar Krai, Russia, 354352",Soft,13,Super soft,40,,,,,,,,,19,11,5.848 km,19,53,Dry,2015
bottas,Russian Grand Prix,"Triumfalnaya St, 26, ??????, Krasnodar Krai, Russia, 354353",Super soft,26,Soft,26,,,,,,,,,3,12,5.848 km,19,53,Dry,2015
Roberto Merhi,Russian Grand Prix,"Triumfalnaya St, 26, ??????, Krasnodar Krai, Russia, 354354",Super soft,13,Soft,39,,,,,,,,,18,13,5.848 km,19,53,Dry,2015
Will Stevens,Russian Grand Prix,"Triumfalnaya St, 26, ??????, Krasnodar Krai, Russia, 354355",Super soft,14,Soft,3,Super soft,34,,,,,,,17,14,5.848 km,19,53,Dry,2015
ricciardo,Russian Grand Prix,"Triumfalnaya St, 26, ??????, Krasnodar Krai, Russia, 354356",Super soft,12,Soft,35,,,,,,,,,10,15,5.848 km,19,53,Dry,2015
Carlos Sainz,Russian Grand Prix,"Triumfalnaya St, 26, ??????, Krasnodar Krai, Russia, 354357",Super soft,12,Soft,33,,,,,,,,,20,DNF,5.848 km,19,53,Dry,2015
grosjean,Russian Grand Prix,"Triumfalnaya St, 26, ??????, Krasnodar Krai, Russia, 354358",Super soft,1,Soft,10,,,,,,,,,8,DNF,5.848 km,19,53,Dry,2015
rosberg,Russian Grand Prix,"Triumfalnaya St, 26, ??????, Krasnodar Krai, Russia, 354359",Super soft,7,,,,,,,,,,,1,DNF,5.848 km,19,53,Dry,2015
Nico Hulkenberg,Russian Grand Prix,"Triumfalnaya St, 26, ??????, Krasnodar Krai, Russia, 354360",,,,,,,,,,,,,6,DNF,5.848 km,19,53,Dry,2015
ericsson,Russian Grand Prix,"Triumfalnaya St, 26, ??????, Krasnodar Krai, Russia, 354361",,,,,,,,,,,,,16,DNF,5.848 km,19,53,Dry,2015
hamilton,United States Grand Prix,"9202 Circuit of the Americas Blvd, Austin, TX 78617, United States",Intermediate,18,Soft,25,Soft,13,,,,,,,2,1,5.513 km,20,56,Dry,2015
rosberg,United States Grand Prix,"9203 Circuit of the Americas Blvd, Austin, TX 78617, United States",Intermediate,19,Soft,19,Soft,18,,,,,,,1,2,5.513 km,20,56,Dry,2015
vettel,United States Grand Prix,"9204 Circuit of the Americas Blvd, Austin, TX 78617, United States",Intermediate,18,Soft,9,Medium,16,Soft,13,,,,,13,3,5.513 km,20,56,Dry,2015
Max Verstappen,United States Grand Prix,"9205 Circuit of the Americas Blvd, Austin, TX 78617, United States",Intermediate,18,Soft,10,Soft,28,,,,,,,8,4,5.513 km,20,56,Dry,2015
Sergio Perez,United States Grand Prix,"9206 Circuit of the Americas Blvd, Austin, TX 78617, United States",Intermediate,19,Soft,8,Medium,29,,,,,,,5,5,5.513 km,20,56,Dry,2015
Carlos Sainz,United States Grand Prix,"9207 Circuit of the Americas Blvd, Austin, TX 78617, United States",Intermediate,19,Soft,8,Medium,16,Soft,13,,,,,20,6,5.513 km,20,56,Dry,2015
button,United States Grand Prix,"9208 Circuit of the Americas Blvd, Austin, TX 78617, United States",Intermediate,17,Soft,10,Soft,17,Soft,12,,,,,11,7,5.513 km,20,56,Dry,2015
maldonado,United States Grand Prix,"9209 Circuit of the Americas Blvd, Austin, TX 78617, United States",Intermediate,18,Soft,9,Soft,16,Soft,13,,,,,12,8,5.513 km,20,56,Dry,2015
Felipe Nasr,United States Grand Prix,"9210 Circuit of the Americas Blvd, Austin, TX 78617, United States",Intermediate,2,Soft,1,Intermediate,14,Soft,9,Soft,16,Soft,14,15,9,5.513 km,20,56,Dry,2015
ricciardo,United States Grand Prix,"9211 Circuit of the Americas Blvd, Austin, TX 78617, United States",Intermediate,19,Soft,19,Soft,12,Soft,6,,,,,3,10,5.513 km,20,56,Dry,2015
alonso,United States Grand Prix,"9212 Circuit of the Americas Blvd, Austin, TX 78617, United States",Intermediate,1,Intermediate,17,Soft,8,Soft,30,,,,,9,11,5.513 km,20,56,Dry,2015
Alexander Rossi,United States Grand Prix,"9213 Circuit of the Americas Blvd, Austin, TX 78617, United States",Intermediate,1,Intermediate,16,Soft,10,Medium,29,,,,,17,12,5.513 km,20,56,Dry,2015
kvyat,United States Grand Prix,"9214 Circuit of the Americas Blvd, Austin, TX 78617, United States",Intermediate,19,Soft,19,Medium,3,,,,,,,4,DNF,5.513 km,20,56,Dry,2015
Nico Hulkenberg,United States Grand Prix,"9215 Circuit of the Americas Blvd, Austin, TX 78617, United States",Intermediate,19,Soft,8,Medium,8,,,,,,,6,DNF,5.513 km,20,56,Dry,2015
ericsson,United States Grand Prix,"9216 Circuit of the Americas Blvd, Austin, TX 78617, United States",Intermediate,16,Soft,3,Soft,6,,,,,,,14,DNF,5.513 km,20,56,Dry,2015
Kimi Raikkonen,United States Grand Prix,"9217 Circuit of the Americas Blvd, Austin, TX 78617, United States",Intermediate,19,Soft,1,Soft,5,,,,,,,18,DNF,5.513 km,20,56,Dry,2015
massa,United States Grand Prix,"9218 Circuit of the Americas Blvd, Austin, TX 78617, United States",Intermediate,18,Soft,5,,,,,,,,,7,DNF,5.513 km,20,56,Dry,2015
grosjean,United States Grand Prix,"9219 Circuit of the Americas Blvd, Austin, TX 78617, United States",Intermediate,1,Intermediate,8,Soft,1,,,,,,,10,DNF,5.513 km,20,56,Dry,2015
bottas,United States Grand Prix,"9220 Circuit of the Americas Blvd, Austin, TX 78617, United States",Intermediate,1,Soft,3,Intermediate,1,,,,,,,16,DNF,5.513 km,20,56,Dry,2015
Will Stevens,United States Grand Prix,"9221 Circuit of the Americas Blvd, Austin, TX 78617, United States",Intermediate,1,,,,,,,,,,,19,DNF,5.513 km,20,56,Dry,2015
rosberg,Mexican Grand Prix,"Viad. R韔 de la Piedad S/n, Granjas M閤ico, Iztacalco, 08400 Ciudad de M閤ico, CDMX, Mexico",Soft,26,Medium,20,Medium,25,,,,,,,1,1,4.304 km,17,71,Dry,2015
hamilton,Mexican Grand Prix,"Viad. R韔 de la Piedad S/n, Granjas M閤ico, Iztacalco, 08400 Ciudad de M閤ico, CDMX, Mexico",Soft,28,Medium,20,Medium,23,,,,,,,2,2,4.304 km,17,71,Dry,2015
bottas,Mexican Grand Prix,"Viad. R韔 de la Piedad S/n, Granjas M閤ico, Iztacalco, 08400 Ciudad de M閤ico, CDMX, Mexico",Soft,8,Medium,45,Medium,18,,,,,,,6,3,4.304 km,17,71,Dry,2015
kvyat,Mexican Grand Prix,"Viad. R韔 de la Piedad S/n, Granjas M閤ico, Iztacalco, 08400 Ciudad de M閤ico, CDMX, Mexico",Soft,21,Medium,31,Soft,19,,,,,,,4,4,4.304 km,17,71,Dry,2015
ricciardo,Mexican Grand Prix,"Viad. R韔 de la Piedad S/n, Granjas M閤ico, Iztacalco, 08400 Ciudad de M閤ico, CDMX, Mexico",Soft,24,Medium,28,Soft,19,,,,,,,5,5,4.304 km,17,71,Dry,2015
massa,Mexican Grand Prix,"Viad. R韔 de la Piedad S/n, Granjas M閤ico, Iztacalco, 08400 Ciudad de M閤ico, CDMX, Mexico",Soft,9,Medium,43,Medium,19,,,,,,,7,6,4.304 km,17,71,Dry,2015
Nico Hulkenberg,Mexican Grand Prix,"Viad. R韔 de la Piedad S/n, Granjas M閤ico, Iztacalco, 08400 Ciudad de M閤ico, CDMX, Mexico",Soft,9,Medium,43,Medium,19,,,,,,,10,7,4.304 km,17,71,Dry,2015
Sergio Perez,Mexican Grand Prix,"Viad. R韔 de la Piedad S/n, Granjas M閤ico, Iztacalco, 08400 Ciudad de M閤ico, CDMX, Mexico",Soft,18,Medium,53,,,,,,,,,9,8,4.304 km,17,71,Dry,2015
Max Verstappen,Mexican Grand Prix,"Viad. R韔 de la Piedad S/n, Granjas M閤ico, Iztacalco, 08400 Ciudad de M閤ico, CDMX, Mexico",Soft,25,Medium,27,Soft,19,,,,,,,8,9,4.304 km,17,71,Dry,2015
grosjean,Mexican Grand Prix,"Viad. R韔 de la Piedad S/n, Granjas M閤ico, Iztacalco, 08400 Ciudad de M閤ico, CDMX, Mexico",Soft,11,Medium,41,Soft,19,,,,,,,12,10,4.304 km,17,71,Dry,2015
maldonado,Mexican Grand Prix,"Viad. R韔 de la Piedad S/n, Granjas M閤ico, Iztacalco, 08400 Ciudad de M閤ico, CDMX, Mexico",Soft,10,Medium,42,Soft,19,,,,,,,13,11,4.304 km,17,71,Dry,2015
ericsson,Mexican Grand Prix,"Viad. R韔 de la Piedad S/n, Granjas M閤ico, Iztacalco, 08400 Ciudad de M閤ico, CDMX, Mexico",Soft,10,Medium,29,Medium,12,Soft,20,,,,,14,12,4.304 km,17,71,Dry,2015
Carlos Sainz,Mexican Grand Prix,"Viad. R韔 de la Piedad S/n, Granjas M閤ico, Iztacalco, 08400 Ciudad de M閤ico, CDMX, Mexico",Soft,13,Medium,30,Soft,8,Soft,20,,,,,11,13,4.304 km,17,71,Dry,2015
button,Mexican Grand Prix,"Viad. R韔 de la Piedad S/n, Granjas M閤ico, Iztacalco, 08400 Ciudad de M閤ico, CDMX, Mexico",Medium,30,Soft,17,Soft,24,,,,,,,20,14,4.304 km,17,71,Dry,2015
Alexander Rossi,Mexican Grand Prix,"Viad. R韔 de la Piedad S/n, Granjas M閤ico, Iztacalco, 08400 Ciudad de M閤ico, CDMX, Mexico",Soft,27,Medium,23,Soft,19,,,,,,,16,15,4.304 km,17,71,Dry,2015
Will Stevens,Mexican Grand Prix,"Viad. R韔 de la Piedad S/n, Granjas M閤ico, Iztacalco, 08400 Ciudad de M閤ico, CDMX, Mexico",Soft,26,Medium,24,Soft,19,,,,,,,17,16,4.304 km,17,71,Dry,2015
Felipe Nasr,Mexican Grand Prix,"Viad. R韔 de la Piedad S/n, Granjas M閤ico, Iztacalco, 08400 Ciudad de M閤ico, CDMX, Mexico",Soft,12,Medium,32,Medium,7,Soft,6,,,,,15,DNF,4.304 km,17,71,Dry,2015
vettel,Mexican Grand Prix,"Viad. R韔 de la Piedad S/n, Granjas M閤ico, Iztacalco, 08400 Ciudad de M閤ico, CDMX, Mexico",Soft,1,Medium,34,Medium,15,,,,,,,3,DNF,4.304 km,17,71,Dry,2015
Kimi Raikkonen,Mexican Grand Prix,"Viad. R韔 de la Piedad S/n, Granjas M閤ico, Iztacalco, 08400 Ciudad de M閤ico, CDMX, Mexico",Medium,21,,,,,,,,,,,19,DNF,4.304 km,17,71,Dry,2015
alonso,Mexican Grand Prix,"Viad. R韔 de la Piedad S/n, Granjas M閤ico, Iztacalco, 08400 Ciudad de M閤ico, CDMX, Mexico",Medium,1,,,,,,,,,,,18,DNF,4.304 km,17,71,Dry,2015
rosberg,Brazilian Grand Prix,"Av. Sen. Teot么nio Vilela, 261 - Interlagos, S茫o Paulo - SP, 04801-010, Brazil",Soft,13,Medium,20,Medium,15,Medium,23,,,,,1,1,4.309 km,15,71,Dry,2015
hamilton,Brazilian Grand Prix,"Av. Sen. Teot么nio Vilela, 261 - Interlagos, S茫o Paulo - SP, 04801-010, Brazil",Soft,14,Medium,20,Medium,15,Medium,22,,,,,2,2,4.309 km,15,71,Dry,2015
vettel,Brazilian Grand Prix,"Av. Sen. Teot么nio Vilela, 261 - Interlagos, S茫o Paulo - SP, 04801-010, Brazil",Soft,13,Medium,19,Soft,15,Medium,24,,,,,3,3,4.309 km,15,71,Dry,2015
Kimi Raikkonen,Brazilian Grand Prix,"Av. Sen. Teot么nio Vilela, 261 - Interlagos, S茫o Paulo - SP, 04801-010, Brazil",Soft,12,Medium,34,Medium,25,,,,,,,4,4,4.309 km,15,71,Dry,2015
bottas,Brazilian Grand Prix,"Av. Sen. Teot么nio Vilela, 261 - Interlagos, S茫o Paulo - SP, 04801-010, Brazil",Soft,11,Medium,30,Medium,29,,,,,,,7,5,4.309 km,15,71,Dry,2015
Nico Hulkenberg,Brazilian Grand Prix,"Av. Sen. Teot么nio Vilela, 261 - Interlagos, S茫o Paulo - SP, 04801-010, Brazil",Soft,9,Medium,26,Medium,35,,,,,,,5,6,4.309 km,15,71,Dry,2015
kvyat,Brazilian Grand Prix,"Av. Sen. Teot么nio Vilela, 261 - Interlagos, S茫o Paulo - SP, 04801-010, Brazil",Soft,10,Medium,29,Medium,31,,,,,,,6,7,4.309 km,15,71,Dry,2015
massa,Brazilian Grand Prix,"Av. Sen. Teot么nio Vilela, 261 - Interlagos, S茫o Paulo - SP, 04801-010, Brazil",Soft,10,Medium,28,Medium,17,Medium,15,,,,,8,8,4.309 km,15,71,Dry,2015
grosjean,Brazilian Grand Prix,"Av. Sen. Teot么nio Vilela, 261 - Interlagos, S茫o Paulo - SP, 04801-010, Brazil",Soft,10,Medium,25,Medium,19,Soft,16,,,,,14,9,4.309 km,15,71,Dry,2015
Max Verstappen,Brazilian Grand Prix,"Av. Sen. Teot么nio Vilela, 261 - Interlagos, S茫o Paulo - SP, 04801-010, Brazil",Soft,11,Medium,23,Medium,19,Soft,17,,,,,9,10,4.309 km,15,71,Dry,2015
maldonado,Brazilian Grand Prix,"Av. Sen. Teot么nio Vilela, 261 - Interlagos, S茫o Paulo - SP, 04801-010, Brazil",Medium,25,Soft,19,Medium,26,,,,,,,15,11,4.309 km,15,71,Dry,2015
ricciardo,Brazilian Grand Prix,"Av. Sen. Teot么nio Vilela, 261 - Interlagos, S茫o Paulo - SP, 04801-010, Brazil",Soft,3,Medium,25,Medium,24,Soft,18,,,,,19,12,4.309 km,15,71,Dry,2015
Sergio Perez,Brazilian Grand Prix,"Av. Sen. Teot么nio Vilela, 261 - Interlagos, S茫o Paulo - SP, 04801-010, Brazil",Soft,10,Medium,23,Medium,18,Soft,19,,,,,11,13,4.309 km,15,71,Dry,2015
Felipe Nasr,Brazilian Grand Prix,"Av. Sen. Teot么nio Vilela, 261 - Interlagos, S茫o Paulo - SP, 04801-010, Brazil",Soft,14,Medium,25,Medium,31,,,,,,,13,14,4.309 km,15,71,Dry,2015
button,Brazilian Grand Prix,"Av. Sen. Teot么nio Vilela, 261 - Interlagos, S茫o Paulo - SP, 04801-010, Brazil",Soft,12,Medium,19,Soft,20,Soft,19,,,,,16,15,4.309 km,15,71,Dry,2015
alonso,Brazilian Grand Prix,"Av. Sen. Teot么nio Vilela, 261 - Interlagos, S茫o Paulo - SP, 04801-010, Brazil",Soft,13,Medium,19,Soft,20,Soft,18,,,,,20,16,4.309 km,15,71,Dry,2015
ericsson,Brazilian Grand Prix,"Av. Sen. Teot么nio Vilela, 261 - Interlagos, S茫o Paulo - SP, 04801-010, Brazil",Soft,12,Medium,20,Medium,21,Soft,16,,,,,12,17,4.309 km,15,71,Dry,2015
Will Stevens,Brazilian Grand Prix,"Av. Sen. Teot么nio Vilela, 261 - Interlagos, S茫o Paulo - SP, 04801-010, Brazil",Soft,15,Medium,25,Medium,27,,,,,,,18,18,4.309 km,15,71,Dry,2015
Alexander Rossi,Brazilian Grand Prix,"Av. Sen. Teot么nio Vilela, 261 - Interlagos, S茫o Paulo - SP, 04801-010, Brazil",Soft,14,Medium,27,Medium,26,,,,,,,17,19,4.309 km,15,71,Dry,2015
rosberg,Abu Dhabi Grand Prix,Yas Marina Circuit - Yas Island - Abu Dhabi - United Arab Emirates,Super soft,10,Soft,21,Soft,24,,,,,,,1,1,5.554 km,21,55,Dry,2015
hamilton,Abu Dhabi Grand Prix,Yas Marina Circuit - Yas Island - Abu Dhabi - United Arab Emirates,Super soft,11,Soft,30,Soft,14,,,,,,,2,2,5.554 km,21,55,Dry,2015
Kimi Raikkonen,Abu Dhabi Grand Prix,Yas Marina Circuit - Yas Island - Abu Dhabi - United Arab Emirates,Super soft,10,Soft,22,Soft,23,,,,,,,3,3,5.554 km,21,55,Dry,2015
vettel,Abu Dhabi Grand Prix,Yas Marina Circuit - Yas Island - Abu Dhabi - United Arab Emirates,Soft,23,Soft,16,Super soft,16,,,,,,,15,4,5.554 km,21,55,Dry,2015
Sergio Perez,Abu Dhabi Grand Prix,Yas Marina Circuit - Yas Island - Abu Dhabi - United Arab Emirates,Super soft,6,Soft,21,Soft,28,,,,,,,4,5,5.554 km,21,55,Dry,2015
ricciardo,Abu Dhabi Grand Prix,Yas Marina Circuit - Yas Island - Abu Dhabi - United Arab Emirates,Super soft,6,Soft,20,Soft,29,,,,,,,5,6,5.554 km,21,55,Dry,2015
Nico Hulkenberg,Abu Dhabi Grand Prix,Yas Marina Circuit - Yas Island - Abu Dhabi - United Arab Emirates,Super soft,7,Soft,17,Soft,31,,,,,,,7,7,5.554 km,21,55,Dry,2015
massa,Abu Dhabi Grand Prix,Yas Marina Circuit - Yas Island - Abu Dhabi - United Arab Emirates,Super soft,6,Soft,20,Soft,29,,,,,,,8,8,5.554 km,21,55,Dry,2015
grosjean,Abu Dhabi Grand Prix,Yas Marina Circuit - Yas Island - Abu Dhabi - United Arab Emirates,Soft,23,Soft,20,Super soft,12,,,,,,,18,9,5.554 km,21,55,Dry,2015
kvyat,Abu Dhabi Grand Prix,Yas Marina Circuit - Yas Island - Abu Dhabi - United Arab Emirates,Super soft,5,Soft,20,Soft,30,,,,,,,9,10,5.554 km,21,55,Dry,2015
Carlos Sainz,Abu Dhabi Grand Prix,Yas Marina Circuit - Yas Island - Abu Dhabi - United Arab Emirates,Super soft,7,Soft,21,Soft,27,,,,,,,10,11,5.554 km,21,55,Dry,2015
Max Verstappen,Abu Dhabi Grand Prix,Yas Marina Circuit - Yas Island - Abu Dhabi - United Arab Emirates,Super soft,8,Soft,12,Soft,18,Super soft,16,,,,,11,12,5.554 km,21,55,Dry,2015
button,Abu Dhabi Grand Prix,Yas Marina Circuit - Yas Island - Abu Dhabi - United Arab Emirates,Super soft,8,Soft,19,Soft,27,,,,,,,12,13,5.554 km,21,55,Dry,2015
bottas,Abu Dhabi Grand Prix,Yas Marina Circuit - Yas Island - Abu Dhabi - United Arab Emirates,Super soft,8,Soft,1,Soft,20,Soft,25,,,,,6,14,5.554 km,21,55,Dry,2015
ericsson,Abu Dhabi Grand Prix,Yas Marina Circuit - Yas Island - Abu Dhabi - United Arab Emirates,Soft,15,Soft,26,Super soft,13,,,,,,,17,15,5.554 km,21,55,Dry,2015
Felipe Nasr,Abu Dhabi Grand Prix,Yas Marina Circuit - Yas Island - Abu Dhabi - United Arab Emirates,Super soft,4,Soft,22,Soft,18,Super soft,10,,,,,14,16,5.554 km,21,55,Dry,2015
alonso,Abu Dhabi Grand Prix,Yas Marina Circuit - Yas Island - Abu Dhabi - United Arab Emirates,Super soft,1,Soft,16,Soft,30,Super soft,6,,,,,16,17,5.554 km,21,55,Dry,2015
Will Stevens,Abu Dhabi Grand Prix,Yas Marina Circuit - Yas Island - Abu Dhabi - United Arab Emirates,Soft,23,Super soft,10,Soft,20,,,,,,,19,18,5.554 km,21,55,Dry,2015
Roberto Merhi,Abu Dhabi Grand Prix,Yas Marina Circuit - Yas Island - Abu Dhabi - United Arab Emirates,Soft,24,Super soft,28,,,,,,,,,PIT,19,5.554 km,21,55,Dry,2015
maldonado,Abu Dhabi Grand Prix,Yas Marina Circuit - Yas Island - Abu Dhabi - United Arab Emirates,,,,,,,,,,,,,13,DNF,5.554 km,21,55,Dry,2015
rosberg,Australian Grand Prix,"12 Aughtie Dr, Albert Park VIC 3206, Australia",Super soft,12,Soft,6,Medium,39,,,,,,,2,1,5.303 km,14,58,Dry,2016
hamilton,Australian Grand Prix,"13 Aughtie Dr, Albert Park VIC 3206, Australia",Super soft,16,Medium,41,,,,,,,,,1,2,5.303 km,14,58,Dry,2016
vettel,Australian Grand Prix,"14 Aughtie Dr, Albert Park VIC 3206, Australia",Super soft,13,Super soft,22,Soft,22,,,,,,,3,3,5.303 km,14,58,Dry,2016
ricciardo,Australian Grand Prix,"15 Aughtie Dr, Albert Park VIC 3206, Australia",Super soft,12,Super soft,6,Soft,24,Super soft,15,,,,,8,4,5.303 km,14,58,Dry,2016
massa,Australian Grand Prix,"16 Aughtie Dr, Albert Park VIC 3206, Australia",Super soft,11,Soft,7,Medium,39,,,,,,,6,5,5.303 km,14,58,Dry,2016
grosjean,Australian Grand Prix,"17 Aughtie Dr, Albert Park VIC 3206, Australia",Soft,18,Medium,39,,,,,,,,,19,6,5.303 km,14,58,Dry,2016
Nico Hulkenberg,Australian Grand Prix,"18 Aughtie Dr, Albert Park VIC 3206, Australia",Soft,16,Medium,41,,,,,,,,,10,7,5.303 km,14,58,Dry,2016
bottas,Australian Grand Prix,"19 Aughtie Dr, Albert Park VIC 3206, Australia",Soft,17,Medium,40,,,,,,,,,16,8,5.303 km,14,58,Dry,2016
Carlos Sainz,Australian Grand Prix,"20 Aughtie Dr, Albert Park VIC 3206, Australia",Super soft,8,Soft,10,Soft,13,Medium,26,,,,,7,9,5.303 km,14,58,Dry,2016
Max Verstappen,Australian Grand Prix,"21 Aughtie Dr, Albert Park VIC 3206, Australia",Super soft,13,Soft,5,Soft,14,Medium,25,,,,,5,10,5.303 km,14,58,Dry,2016
Jolyon Palmer,Australian Grand Prix,"22 Aughtie Dr, Albert Park VIC 3206, Australia",Super soft,12,Soft,6,Medium,39,,,,,,,13,11,5.303 km,14,58,Dry,2016
kevin_magnussen,Australian Grand Prix,"23 Aughtie Dr, Albert Park VIC 3206, Australia",Super soft,1,Soft,17,Medium,39,,,,,,,14,12,5.303 km,14,58,Dry,2016
Sergio Perez,Australian Grand Prix,"24 Aughtie Dr, Albert Park VIC 3206, Australia",Soft,16,Medium,41,,,,,,,,,9,13,5.303 km,14,58,Dry,2016
button,Australian Grand Prix,"25 Aughtie Dr, Albert Park VIC 3206, Australia",Soft,15,Soft,3,Super soft,12,Medium,26,,,,,12,14,5.303 km,14,58,Dry,2016
Felipe Nasr,Australian Grand Prix,"26 Aughtie Dr, Albert Park VIC 3206, Australia",Super soft,10,Soft,8,Medium,38,,,,,,,17,15,5.303 km,14,58,Dry,2016
Pascal Wehrlein,Australian Grand Prix,"27 Aughtie Dr, Albert Park VIC 3206, Australia",Super soft,11,Soft,7,Soft,14,Medium,24,,,,,21,16,5.303 km,14,58,Dry,2016
ericsson,Australian Grand Prix,"28 Aughtie Dr, Albert Park VIC 3206, Australia",Super soft,11,Soft,7,Medium,20,,,,,,,15,DNF,5.303 km,14,58,Dry,2016
Kimi Raikkonen,Australian Grand Prix,"29 Aughtie Dr, Albert Park VIC 3206, Australia",Super soft,16,Super soft,5,,,,,,,,,4,DNF,5.303 km,14,58,Dry,2016
Rio Haryanto,Australian Grand Prix,"30 Aughtie Dr, Albert Park VIC 3206, Australia",Super soft,12,Soft,5,,,,,,,,,22,DNF,5.303 km,14,58,Dry,2016
Esteban Gutierrez,Australian Grand Prix,"31 Aughtie Dr, Albert Park VIC 3206, Australia",Soft,16,,,,,,,,,,,20,DNF,5.303 km,14,58,Dry,2016
alonso,Australian Grand Prix,"32 Aughtie Dr, Albert Park VIC 3206, Australia",Super soft,12,Soft,4,,,,,,,,,11,DNF,5.303 km,14,58,Dry,2016
rosberg,Bahrain Grand Prix,"Gate 255, Gulf of Bahrain Avenue Umm Jidar, Sakhir? 1062, Bahrain",Super soft,13,Soft,17,Super soft,9,Soft,18,,,,,2,1,5.412 km,15,57,Dry,2016
Kimi Raikkonen,Bahrain Grand Prix,"Gate 255, Gulf of Bahrain Avenue Umm Jidar, Sakhir? 1062, Bahrain",Super soft,12,Soft,17,Super soft,8,Soft,20,,,,,4,2,5.412 km,15,57,Dry,2016
hamilton,Bahrain Grand Prix,"Gate 255, Gulf of Bahrain Avenue Umm Jidar, Sakhir? 1062, Bahrain",Super soft,13,Medium,15,Super soft,13,Soft,16,,,,,1,3,5.412 km,15,57,Dry,2016
ricciardo,Bahrain Grand Prix,"Gate 255, Gulf of Bahrain Avenue Umm Jidar, Sakhir? 1062, Bahrain",Super soft,6,Soft,18,Soft,18,Medium,15,,,,,5,4,5.412 km,15,57,Dry,2016
grosjean,Bahrain Grand Prix,"Gate 255, Gulf of Bahrain Avenue Umm Jidar, Sakhir? 1062, Bahrain",Super soft,11,Super soft,16,Super soft,13,Soft,17,,,,,9,5,5.412 km,15,57,Dry,2016
Max Verstappen,Bahrain Grand Prix,"Gate 255, Gulf of Bahrain Avenue Umm Jidar, Sakhir? 1062, Bahrain",Super soft,10,Soft,16,Medium,20,Super soft,11,,,,,10,6,5.412 km,15,57,Dry,2016
kvyat,Bahrain Grand Prix,"Gate 255, Gulf of Bahrain Avenue Umm Jidar, Sakhir? 1062, Bahrain",Soft,16,Soft,18,Super soft,10,Super soft,12,,,,,15,7,5.412 km,15,57,Dry,2016
massa,Bahrain Grand Prix,"Gate 255, Gulf of Bahrain Avenue Umm Jidar, Sakhir? 1062, Bahrain",Super soft,7,Medium,22,Medium,27,,,,,,,7,8,5.412 km,15,57,Dry,2016
bottas,Bahrain Grand Prix,"Gate 255, Gulf of Bahrain Avenue Umm Jidar, Sakhir? 1062, Bahrain",Super soft,8,Medium,26,Soft,22,,,,,,,8,9,5.412 km,15,57,Dry,2016
Stoffel Vandoorne,Bahrain Grand Prix,"Gate 255, Gulf of Bahrain Avenue Umm Jidar, Sakhir? 1062, Bahrain",Super soft,9,Soft,16,Soft,16,Super soft,15,,,,,12,10,5.412 km,15,57,Dry,2016
kevin_magnussen,Bahrain Grand Prix,"Gate 255, Gulf of Bahrain Avenue Umm Jidar, Sakhir? 1062, Bahrain",Soft,12,Super soft,12,Super soft,14,Super soft,18,,,,,22,11,5.412 km,15,57,Dry,2016
ericsson,Bahrain Grand Prix,"Gate 255, Gulf of Bahrain Avenue Umm Jidar, Sakhir? 1062, Bahrain",Soft,13,Soft,16,Medium,27,,,,,,,17,12,5.412 km,15,57,Dry,2016
Pascal Wehrlein,Bahrain Grand Prix,"Gate 255, Gulf of Bahrain Avenue Umm Jidar, Sakhir? 1062, Bahrain",Soft,11,Soft,18,Super soft,12,Super soft,15,,,,,16,13,5.412 km,15,57,Dry,2016
Felipe Nasr,Bahrain Grand Prix,"Gate 255, Gulf of Bahrain Avenue Umm Jidar, Sakhir? 1062, Bahrain",Soft,10,Soft,20,Medium,17,Super soft,9,,,,,21,14,5.412 km,15,57,Dry,2016
Nico Hulkenberg,Bahrain Grand Prix,"Gate 255, Gulf of Bahrain Avenue Umm Jidar, Sakhir? 1062, Bahrain",Super soft,1,Soft,15,Medium,19,Super soft,16,Super soft,5,,,8,15,5.412 km,15,57,Dry,2016
Sergio Perez,Bahrain Grand Prix,"Gate 255, Gulf of Bahrain Avenue Umm Jidar, Sakhir? 1062, Bahrain",Super soft,2,Super soft,12,Soft,23,Super soft,19,,,,,18,16,5.412 km,15,57,Dry,2016
Rio Haryanto,Bahrain Grand Prix,"Gate 255, Gulf of Bahrain Avenue Umm Jidar, Sakhir? 1062, Bahrain",Soft,12,Soft,19,Medium,13,Super soft,12,,,,,20,17,5.412 km,15,57,Dry,2016
Carlos Sainz,Bahrain Grand Prix,"Gate 255, Gulf of Bahrain Avenue Umm Jidar, Sakhir? 1062, Bahrain",Soft,2,Medium,18,Soft,9,,,,,,,11,DNF,5.412 km,15,57,Dry,2016
Esteban Gutierrez,Bahrain Grand Prix,"Gate 255, Gulf of Bahrain Avenue Umm Jidar, Sakhir? 1062, Bahrain",Super soft,8,Super soft,1,,,,,,,,,13,DNF,5.412 km,15,57,Dry,2016
button,Bahrain Grand Prix,"Gate 255, Gulf of Bahrain Avenue Umm Jidar, Sakhir? 1062, Bahrain",Super soft,6,,,,,,,,,,,14,DNF,5.412 km,15,57,Dry,2016
rosberg,Chinese Grand Prix,"China, Shanghai, Jiading Disict, ???2000? ????: 201800",Soft,20,Soft,16,Medium,20,,,,,,,1,1,5.451 km,16,56,Dry,2016
vettel,Chinese Grand Prix,"China, Shanghai, Jiading Disict, ???2000? ????: 201801",Super soft,4,Super soft,13,Soft,18,Soft,21,,,,,4,2,5.451 km,16,56,Dry,2016
kvyat,Chinese Grand Prix,"China, Shanghai, Jiading Disict, ???2000? ????: 201802",Super soft,4,Soft,15,Soft,16,Medium,21,,,,,6,3,5.451 km,16,56,Dry,2016
ricciardo,Chinese Grand Prix,"China, Shanghai, Jiading Disict, ???2000? ????: 201803",Super soft,3,Soft,16,Soft,18,Medium,19,,,,,2,4,5.451 km,16,56,Dry,2016
Kimi Raikkonen,Chinese Grand Prix,"China, Shanghai, Jiading Disict, ???2000? ????: 201804",Super soft,1,Soft,13,Medium,23,Soft,19,,,,,3,5,5.451 km,16,56,Dry,2016
massa,Chinese Grand Prix,"China, Shanghai, Jiading Disict, ???2000? ????: 201805",Soft,19,Soft,12,Medium,25,,,,,,,10,6,5.451 km,16,56,Dry,2016
hamilton,Chinese Grand Prix,"China, Shanghai, Jiading Disict, ???2000? ????: 201806",Soft,1,Soft,4,Super soft,1,Soft,15,Soft,9,Medium,26,22,7,5.451 km,16,56,Dry,2016
Max Verstappen,Chinese Grand Prix,"China, Shanghai, Jiading Disict, ???2000? ????: 201807",Super soft,4,Soft,16,Medium,19,Soft,17,,,,,9,8,5.451 km,16,56,Dry,2016
Carlos Sainz,Chinese Grand Prix,"China, Shanghai, Jiading Disict, ???2000? ????: 201808",Super soft,4,Soft,15,Soft,14,Medium,23,,,,,8,9,5.451 km,16,56,Dry,2016
bottas,Chinese Grand Prix,"China, Shanghai, Jiading Disict, ???2000? ????: 201809",Super soft,4,Soft,17,Soft,9,Medium,26,,,,,10,10,5.451 km,16,56,Dry,2016
Sergio Perez,Chinese Grand Prix,"China, Shanghai, Jiading Disict, ???2000? ????: 201810",Super soft,4,Soft,14,Soft,10,Medium,28,,,,,7,11,5.451 km,16,56,Dry,2016
alonso,Chinese Grand Prix,"China, Shanghai, Jiading Disict, ???2000? ????: 201811",Soft,16,Medium,16,Medium,24,,,,,,,11,12,5.451 km,16,56,Dry,2016
button,Chinese Grand Prix,"China, Shanghai, Jiading Disict, ???2000? ????: 201812",Super soft,4,Medium,23,Medium,17,Super soft,12,,,,,12,13,5.451 km,16,56,Dry,2016
Esteban Gutierrez,Chinese Grand Prix,"China, Shanghai, Jiading Disict, ???2000? ????: 201813",Soft,19,Soft,15,Super soft,9,Super soft,12,,,,,18,14,5.451 km,16,56,Dry,2016
Nico Hulkenberg,Chinese Grand Prix,"China, Shanghai, Jiading Disict, ???2000? ????: 201814",Super soft,4,Soft,13,Soft,9,Medium,20,Super soft,9,,,13,15,5.451 km,16,56,Dry,2016
ericsson,Chinese Grand Prix,"China, Shanghai, Jiading Disict, ???2000? ????: 201815",Soft,4,Medium,24,Medium,27,,,,,,,15,16,5.451 km,16,56,Dry,2016
kevin_magnussen,Chinese Grand Prix,"China, Shanghai, Jiading Disict, ???2000? ????: 201816",Super soft,4,Soft,16,Soft,15,Medium,20,,,,,17,17,5.451 km,16,56,Dry,2016
Pascal Wehrlein,Chinese Grand Prix,"China, Shanghai, Jiading Disict, ???2000? ????: 201817",Soft,15,Soft,12,Soft,16,Super soft,12,,,,,21,18,5.451 km,16,56,Dry,2016
grosjean,Chinese Grand Prix,"China, Shanghai, Jiading Disict, ???2000? ????: 201818",Soft,1,Soft,19,Soft,13,Super soft,11,Super soft,11,,,14,19,5.451 km,16,56,Dry,2016
Felipe Nasr,Chinese Grand Prix,"China, Shanghai, Jiading Disict, ???2000? ????: 201819",Soft,1,Medium,19,Medium,20,Soft,15,,,,,16,20,5.451 km,16,56,Dry,2016
Rio Haryanto,Chinese Grand Prix,"China, Shanghai, Jiading Disict, ???2000? ????: 201820",Soft,18,Soft,10,Soft,12,Medium,15,,,,,20,21,5.451 km,16,56,Dry,2016
Jolyon Palmer,Chinese Grand Prix,"China, Shanghai, Jiading Disict, ???2000? ????: 201821",Soft,15,Super soft,9,Soft,14,Medium,17,,,,,19,22,5.451 km,16,56,Dry,2016
rosberg,Russian Grand Prix,"Triumfalnaya St, 26, ??????, Krasnodar Krai, Russia, 354340",Super soft,21,Soft,32,,,,,,,,,1,1,5.848 km,19,53,Dry,2016
hamilton,Russian Grand Prix,"Triumfalnaya St, 26, ??????, Krasnodar Krai, Russia, 354341",Super soft,17,Soft,36,,,,,,,,,10,2,5.848 km,19,53,Dry,2016
Kimi Raikkonen,Russian Grand Prix,"Triumfalnaya St, 26, ??????, Krasnodar Krai, Russia, 354342",Super soft,20,Soft,33,,,,,,,,,3,3,5.848 km,19,53,Dry,2016
bottas,Russian Grand Prix,"Triumfalnaya St, 26, ??????, Krasnodar Krai, Russia, 354343",Super soft,16,Soft,37,,,,,,,,,2,4,5.848 km,19,53,Dry,2016
massa,Russian Grand Prix,"Triumfalnaya St, 26, ??????, Krasnodar Krai, Russia, 354344",Super soft,18,Soft,28,Super soft,7,,,,,,,4,5,5.848 km,19,53,Dry,2016
alonso,Russian Grand Prix,"Triumfalnaya St, 26, ??????, Krasnodar Krai, Russia, 354345",Super soft,21,Soft,31,,,,,,,,,14,6,5.848 km,19,53,Dry,2016
kevin_magnussen,Russian Grand Prix,"Triumfalnaya St, 26, ??????, Krasnodar Krai, Russia, 354346",Super soft,16,Soft,36,,,,,,,,,17,7,5.848 km,19,53,Dry,2016
grosjean,Russian Grand Prix,"Triumfalnaya St, 26, ??????, Krasnodar Krai, Russia, 354347",Super soft,17,Soft,35,,,,,,,,,15,8,5.848 km,19,53,Dry,2016
Sergio Perez,Russian Grand Prix,"Triumfalnaya St, 26, ??????, Krasnodar Krai, Russia, 354348",Super soft,1,Soft,26,Soft,25,,,,,,,6,9,5.848 km,19,53,Dry,2016
button,Russian Grand Prix,"Triumfalnaya St, 26, ??????, Krasnodar Krai, Russia, 354349",Super soft,20,Soft,32,,,,,,,,,12,10,5.848 km,19,53,Dry,2016
Carlos Sainz,Russian Grand Prix,"Triumfalnaya St, 26, ??????, Krasnodar Krai, Russia, 354350",Super soft,11,Soft,41,,,,,,,,,11,11,5.848 km,19,53,Dry,2016
ricciardo,Russian Grand Prix,"Triumfalnaya St, 26, ??????, Krasnodar Krai, Russia, 354351",Super soft,1,Medium,28,Soft,23,,,,,,,5,12,5.848 km,19,53,Dry,2016
Jolyon Palmer,Russian Grand Prix,"Triumfalnaya St, 26, ??????, Krasnodar Krai, Russia, 354352",Super soft,14,Soft,38,,,,,,,,,18,13,5.848 km,19,53,Dry,2016
ericsson,Russian Grand Prix,"Triumfalnaya St, 26, ??????, Krasnodar Krai, Russia, 354353",Soft,1,Super soft,27,Super soft,24,,,,,,,22,14,5.848 km,19,53,Dry,2016
kvyat,Russian Grand Prix,"Triumfalnaya St, 26, ??????, Krasnodar Krai, Russia, 354354",Super soft,1,Medium,51,,,,,,,,,8,15,5.848 km,19,53,Dry,2016
Felipe Nasr,Russian Grand Prix,"Triumfalnaya St, 26, ??????, Krasnodar Krai, Russia, 354355",Super soft,12,Soft,40,,,,,,,,,19,16,5.848 km,19,53,Dry,2016
Esteban Gutierrez,Russian Grand Prix,"Triumfalnaya St, 26, ??????, Krasnodar Krai, Russia, 354356",Soft,1,Medium,8,Medium,43,,,,,,,16,17,5.848 km,19,53,Dry,2016
Pascal Wehrlein,Russian Grand Prix,"Triumfalnaya St, 26, ??????, Krasnodar Krai, Russia, 354357",Super soft,13,Soft,26,Super soft,12,,,,,,,20,18,5.848 km,19,53,Dry,2016
Max Verstappen,Russian Grand Prix,"Triumfalnaya St, 26, ??????, Krasnodar Krai, Russia, 354358",Super soft,22,Soft,11,,,,,,,,,9,DNF,5.848 km,19,53,Dry,2016
vettel,Russian Grand Prix,"Triumfalnaya St, 26, ??????, Krasnodar Krai, Russia, 354359",Super soft,1,,,,,,,,,,,7,DNF,5.848 km,19,53,Dry,2016
Nico Hulkenberg,Russian Grand Prix,"Triumfalnaya St, 26, ??????, Krasnodar Krai, Russia, 354360",Super soft,1,,,,,,,,,,,13,DNF,5.848 km,19,53,Dry,2016
Rio Haryanto,Russian Grand Prix,"Triumfalnaya St, 26, ??????, Krasnodar Krai, Russia, 354361",Super soft,1,,,,,,,,,,,21,DNF,5.848 km,19,53,Dry,2016
Max Verstappen,Spanish Grand Prix,"Carrer Mas Moreneta, s/n, 08160, Barcelona, Spain",Soft,12,Medium,22,Medium,32,,,,,,,4,1,4.655 km,16,66,Dry,2016
Kimi Raikkonen,Spanish Grand Prix,"Carrer Mas Moreneta, s/n, 08160, Barcelona, Spain",Soft,12,Medium,23,Medium,31,,,,,,,5,2,4.655 km,16,66,Dry,2016
vettel,Spanish Grand Prix,"Carrer Mas Moreneta, s/n, 08160, Barcelona, Spain",Soft,15,Medium,14,Soft,8,Medium,29,,,,,6,3,4.655 km,16,66,Dry,2016
ricciardo,Spanish Grand Prix,"Carrer Mas Moreneta, s/n, 08160, Barcelona, Spain",Soft,11,Medium,17,Soft,15,Medium,22,Soft,1,,,3,4,4.655 km,16,66,Dry,2016
bottas,Spanish Grand Prix,"Carrer Mas Moreneta, s/n, 08160, Barcelona, Spain",Soft,12,Medium,27,Medium,27,,,,,,,7,5,4.655 km,16,66,Dry,2016
Carlos Sainz,Spanish Grand Prix,"Carrer Mas Moreneta, s/n, 08160, Barcelona, Spain",Soft,10,Medium,28,Medium,28,,,,,,,8,6,4.655 km,16,66,Dry,2016
Sergio Perez,Spanish Grand Prix,"Carrer Mas Moreneta, s/n, 08160, Barcelona, Spain",Soft,9,Medium,26,Medium,31,,,,,,,9,7,4.655 km,16,66,Dry,2016
massa,Spanish Grand Prix,"Carrer Mas Moreneta, s/n, 08160, Barcelona, Spain",Soft,8,Medium,17,Soft,16,Medium,25,,,,,18,8,4.655 km,16,66,Dry,2016
button,Spanish Grand Prix,"Carrer Mas Moreneta, s/n, 08160, Barcelona, Spain",Soft,10,Medium,26,Medium,29,,,,,,,12,9,4.655 km,16,66,Dry,2016
kvyat,Spanish Grand Prix,"Carrer Mas Moreneta, s/n, 08160, Barcelona, Spain",Soft,9,Medium,16,Medium,26,Soft,14,,,,,13,10,4.655 km,16,66,Dry,2016
Esteban Gutierrez,Spanish Grand Prix,"Carrer Mas Moreneta, s/n, 08160, Barcelona, Spain",Soft,16,Soft,14,Medium,35,,,,,,,16,11,4.655 km,16,66,Dry,2016
ericsson,Spanish Grand Prix,"Carrer Mas Moreneta, s/n, 08160, Barcelona, Spain",Soft,9,Soft,15,Medium,16,Medium,25,,,,,19,12,4.655 km,16,66,Dry,2016
Jolyon Palmer,Spanish Grand Prix,"Carrer Mas Moreneta, s/n, 08160, Barcelona, Spain",Soft,11,Medium,22,Hard,32,,,,,,,17,13,4.655 km,16,66,Dry,2016
Felipe Nasr,Spanish Grand Prix,"Carrer Mas Moreneta, s/n, 08160, Barcelona, Spain",Soft,12,Medium,24,Medium,29,,,,,,,20,14,4.655 km,16,66,Dry,2016
kevin_magnussen,Spanish Grand Prix,"Carrer Mas Moreneta, s/n, 08160, Barcelona, Spain",Soft,10,Medium,20,Hard,25,Soft,10,,,,,15,15,4.655 km,16,66,Dry,2016
Pascal Wehrlein,Spanish Grand Prix,"Carrer Mas Moreneta, s/n, 08160, Barcelona, Spain",Soft,11,Medium,22,Medium,32,,,,,,,21,16,4.655 km,16,66,Dry,2016
Rio Haryanto,Spanish Grand Prix,"Carrer Mas Moreneta, s/n, 08160, Barcelona, Spain",Medium,22,Medium,26,Soft,17,,,,,,,22,17,4.655 km,16,66,Dry,2016
grosjean,Spanish Grand Prix,"Carrer Mas Moreneta, s/n, 08160, Barcelona, Spain",Soft,15,Soft,14,Medium,8,Soft,19,,,,,14,DNF,4.655 km,16,66,Dry,2016
alonso,Spanish Grand Prix,"Carrer Mas Moreneta, s/n, 08160, Barcelona, Spain",Soft,11,Medium,28,Medium,6,,,,,,,10,DNF,4.655 km,16,66,Dry,2016
Nico Hulkenberg,Spanish Grand Prix,"Carrer Mas Moreneta, s/n, 08160, Barcelona, Spain",Soft,10,Medium,10,,,,,,,,,11,DNF,4.655 km,16,66,Dry,2016
hamilton,Spanish Grand Prix,"Carrer Mas Moreneta, s/n, 08160, Barcelona, Spain",Soft,1,,,,,,,,,,,1,DNF,4.655 km,16,66,Dry,2016
rosberg,Spanish Grand Prix,"Carrer Mas Moreneta, s/n, 08160, Barcelona, Spain",Soft,1,,,,,,,,,,,2,DNF,4.655 km,16,66,Dry,2016
hamilton,Monaco Grand Prix,"11 Bd Albert 1er, 98000 Monaco",Wet,31,Ultra soft,47,,,,,,,,,3,1,3.340 km,19,78,Wet,2016
ricciardo,Monaco Grand Prix,"12 Bd Albert 1er, 98000 Monaco",Wet,23,Intermediate,9,Super soft,46,,,,,,,1,2,3.340 km,19,78,Wet,2016
Sergio Perez,Monaco Grand Prix,"13 Bd Albert 1er, 98000 Monaco",Wet,21,Intermediate,9,Soft,48,,,,,,,7,3,3.340 km,19,78,Wet,2016
vettel,Monaco Grand Prix,"14 Bd Albert 1er, 98000 Monaco",Wet,13,Intermediate,18,Soft,47,,,,,,,4,4,3.340 km,19,78,Wet,2016
alonso,Monaco Grand Prix,"15 Bd Albert 1er, 98000 Monaco",Wet,14,Intermediate,18,Super soft,46,,,,,,,9,5,3.340 km,19,78,Wet,2016
Nico Hulkenberg,Monaco Grand Prix,"16 Bd Albert 1er, 98000 Monaco",Wet,15,Intermediate,16,Soft,47,,,,,,,5,6,3.340 km,19,78,Wet,2016
rosberg,Monaco Grand Prix,"17 Bd Albert 1er, 98000 Monaco",Wet,20,Intermediate,11,Ultra soft,47,,,,,,,2,7,3.340 km,19,78,Wet,2016
Carlos Sainz,Monaco Grand Prix,"18 Bd Albert 1er, 98000 Monaco",Wet,21,Intermediate,10,Super soft,46,,,,,,,6,8,3.340 km,19,78,Wet,2016
button,Monaco Grand Prix,"19 Bd Albert 1er, 98000 Monaco",Wet,8,Intermediate,22,Super soft,47,,,,,,,13,9,3.340 km,19,78,Wet,2016
massa,Monaco Grand Prix,"20 Bd Albert 1er, 98000 Monaco",Wet,20,Intermediate,12,Super soft,45,,,,,,,14,10,3.340 km,19,78,Wet,2016
bottas,Monaco Grand Prix,"21 Bd Albert 1er, 98000 Monaco",Wet,15,Intermediate,15,Super soft,19,Ultra soft,28,,,,,10,11,3.340 km,19,78,Wet,2016
Esteban Gutierrez,Monaco Grand Prix,"22 Bd Albert 1er, 98000 Monaco",Wet,16,Intermediate,16,Ultra soft,45,,,,,,,12,12,3.340 km,19,78,Wet,2016
Pascal Wehrlein,Monaco Grand Prix,"23 Bd Albert 1er, 98000 Monaco",Wet,31,Ultra soft,45,,,,,,,,,20,13,3.340 km,19,78,Wet,2016
grosjean,Monaco Grand Prix,"24 Bd Albert 1er, 98000 Monaco",Wet,15,Intermediate,15,Ultra soft,46,,,,,,,15,14,3.340 km,19,78,Wet,2016
Rio Haryanto,Monaco Grand Prix,"25 Bd Albert 1er, 98000 Monaco",Wet,11,Intermediate,23,Ultra soft,13,Ultra soft,27,,,,,19,15,3.340 km,19,78,Wet,2016
ericsson,Monaco Grand Prix,"26 Bd Albert 1er, 98000 Monaco",Wet,11,Intermediate,18,Ultra soft,20,Ultra soft,2,,,,,17,DNF,3.340 km,19,78,Wet,2016
Felipe Nasr,Monaco Grand Prix,"27 Bd Albert 1er, 98000 Monaco",Wet,8,Intermediate,24,Ultra soft,16,,,,,,,22,DNF,3.340 km,19,78,Wet,2016
Max Verstappen,Monaco Grand Prix,"28 Bd Albert 1er, 98000 Monaco",Wet,12,Intermediate,19,Soft,3,,,,,,,21,DNF,3.340 km,19,78,Wet,2016
kevin_magnussen,Monaco Grand Prix,"29 Bd Albert 1er, 98000 Monaco",Wet,7,Intermediate,14,Intermediate,8,Super soft,3,,,,,16,DNF,3.340 km,19,78,Wet,2016
kvyat,Monaco Grand Prix,"30 Bd Albert 1er, 98000 Monaco",Wet,7,Intermediate,11,,,,,,,,,8,DNF,3.340 km,19,78,Wet,2016
Kimi Raikkonen,Monaco Grand Prix,"31 Bd Albert 1er, 98000 Monaco",Wet,10,,,,,,,,,,,11,DNF,3.340 km,19,78,Wet,2016
Jolyon Palmer,Monaco Grand Prix,"32 Bd Albert 1er, 98000 Monaco",Wet,7,,,,,,,,,,,18,DNF,3.340 km,19,78,Wet,2016
hamilton,Canadian Grand Prix,"Parc Jean-Drapeau, Montr茅al, QC H3C 6A1, Canada",Ultra soft,24,Soft,46,,,,,,,,,1,1,4.361 km,13,70,Dry,2016
vettel,Canadian Grand Prix,"Parc Jean-Drapeau, Montr茅al, QC H3C 6A1, Canada",Ultra soft,11,Super soft,26,Soft,33,,,,,,,3,2,4.361 km,13,70,Dry,2016
bottas,Canadian Grand Prix,"Parc Jean-Drapeau, Montr茅al, QC H3C 6A1, Canada",Ultra soft,23,Soft,47,,,,,,,,,7,3,4.361 km,13,70,Dry,2016
Max Verstappen,Canadian Grand Prix,"Parc Jean-Drapeau, Montr茅al, QC H3C 6A1, Canada",Ultra soft,20,Soft,26,Ultra soft,24,,,,,,,4,4,4.361 km,13,70,Dry,2016
rosberg,Canadian Grand Prix,"Parc Jean-Drapeau, Montr茅al, QC H3C 6A1, Canada",Ultra soft,21,Soft,30,Soft,19,,,,,,,2,5,4.361 km,13,70,Dry,2016
Kimi Raikkonen,Canadian Grand Prix,"Parc Jean-Drapeau, Montr茅al, QC H3C 6A1, Canada",Ultra soft,11,Super soft,22,Soft,37,,,,,,,6,6,4.361 km,13,70,Dry,2016
ricciardo,Canadian Grand Prix,"Parc Jean-Drapeau, Montr茅al, QC H3C 6A1, Canada",Ultra soft,21,Soft,17,Soft,32,,,,,,,4,7,4.361 km,13,70,Dry,2016
Nico Hulkenberg,Canadian Grand Prix,"Parc Jean-Drapeau, Montr茅al, QC H3C 6A1, Canada",Ultra soft,21,Soft,30,Soft,18,,,,,,,9,8,4.361 km,13,70,Dry,2016
Carlos Sainz,Canadian Grand Prix,"Parc Jean-Drapeau, Montr茅al, QC H3C 6A1, Canada",Ultra soft,13,Soft,35,Ultra soft,21,,,,,,,20,9,4.361 km,13,70,Dry,2016
Sergio Perez,Canadian Grand Prix,"Parc Jean-Drapeau, Montr茅al, QC H3C 6A1, Canada",Soft,30,Super soft,16,Soft,23,,,,,,,11,10,4.361 km,13,70,Dry,2016
alonso,Canadian Grand Prix,"Parc Jean-Drapeau, Montr茅al, QC H3C 6A1, Canada",Ultra soft,17,Soft,52,,,,,,,,,10,11,4.361 km,13,70,Dry,2016
kvyat,Canadian Grand Prix,"Parc Jean-Drapeau, Montr茅al, QC H3C 6A1, Canada",Ultra soft,17,Soft,27,Ultra soft,25,,,,,,,15,12,4.361 km,13,70,Dry,2016
Esteban Gutierrez,Canadian Grand Prix,"Parc Jean-Drapeau, Montr茅al, QC H3C 6A1, Canada",Ultra soft,13,Soft,28,Ultra soft,27,,,,,,,13,13,4.361 km,13,70,Dry,2016
grosjean,Canadian Grand Prix,"Parc Jean-Drapeau, Montr茅al, QC H3C 6A1, Canada",Ultra soft,17,Soft,22,Ultra soft,7,Ultra soft,22,,,,,14,14,4.361 km,13,70,Dry,2016
ericsson,Canadian Grand Prix,"Parc Jean-Drapeau, Montr茅al, QC H3C 6A1, Canada",Ultra soft,14,Soft,25,Soft,29,,,,,,,21,15,4.361 km,13,70,Dry,2016
kevin_magnussen,Canadian Grand Prix,"Parc Jean-Drapeau, Montr茅al, QC H3C 6A1, Canada",Soft,39,Ultra soft,29,,,,,,,,,22,16,4.361 km,13,70,Dry,2016
Pascal Wehrlein,Canadian Grand Prix,"Parc Jean-Drapeau, Montr茅al, QC H3C 6A1, Canada",Ultra soft,11,Soft,27,Soft,30,,,,,,,17,17,4.361 km,13,70,Dry,2016
Felipe Nasr,Canadian Grand Prix,"Parc Jean-Drapeau, Montr茅al, QC H3C 6A1, Canada",Ultra soft,9,Soft,26,Soft,33,,,,,,,18,18,4.361 km,13,70,Dry,2016
Rio Haryanto,Canadian Grand Prix,"Parc Jean-Drapeau, Montr茅al, QC H3C 6A1, Canada",Super soft,15,Soft,29,Soft,24,,,,,,,19,19,4.361 km,13,70,Dry,2016
massa,Canadian Grand Prix,"Parc Jean-Drapeau, Montr茅al, QC H3C 6A1, Canada",Ultra soft,22,Soft,13,,,,,,,,,8,DNF,4.361 km,13,70,Dry,2016
Jolyon Palmer,Canadian Grand Prix,"Parc Jean-Drapeau, Montr茅al, QC H3C 6A1, Canada",Ultra soft,16,,,,,,,,,,,16,DNF,4.361 km,13,70,Dry,2016
button,Canadian Grand Prix,"Parc Jean-Drapeau, Montr茅al, QC H3C 6A1, Canada",Super soft,9,,,,,,,,,,,12,DNF,4.361 km,13,70,Dry,2016
rosberg,Azerbaijan Grand Prix,"93 Zarifa Aliyeva, Bak?, Azerbaijan",Super soft,21,Soft,30,,,,,,,,,1,1,6.003 km,20,51,Dry,2016
vettel,Azerbaijan Grand Prix,"94 Zarifa Aliyeva, Bak?, Azerbaijan",Super soft,20,Soft,31,,,,,,,,,3,2,6.003 km,20,51,Dry,2016
Sergio Perez,Azerbaijan Grand Prix,"95 Zarifa Aliyeva, Bak?, Azerbaijan",Super soft,16,Soft,35,,,,,,,,,7,3,6.003 km,20,51,Dry,2016
Kimi Raikkonen,Azerbaijan Grand Prix,"96 Zarifa Aliyeva, Bak?, Azerbaijan",Super soft,8,Soft,43,,,,,,,,,4,4,6.003 km,20,51,Dry,2016
hamilton,Azerbaijan Grand Prix,"97 Zarifa Aliyeva, Bak?, Azerbaijan",Super soft,15,Soft,36,,,,,,,,,10,5,6.003 km,20,51,Dry,2016
bottas,Azerbaijan Grand Prix,"98 Zarifa Aliyeva, Bak?, Azerbaijan",Super soft,19,Soft,32,,,,,,,,,8,6,6.003 km,20,51,Dry,2016
ricciardo,Azerbaijan Grand Prix,"99 Zarifa Aliyeva, Bak?, Azerbaijan",Super soft,6,Soft,16,Medium,29,,,,,,,2,7,6.003 km,20,51,Dry,2016
Max Verstappen,Azerbaijan Grand Prix,"100 Zarifa Aliyeva, Bak?, Azerbaijan",Super soft,5,Soft,15,Medium,31,,,,,,,9,8,6.003 km,20,51,Dry,2016
Nico Hulkenberg,Azerbaijan Grand Prix,"101 Zarifa Aliyeva, Bak?, Azerbaijan",Soft,20,Super soft,31,,,,,,,,,12,9,6.003 km,20,51,Dry,2016
massa,Azerbaijan Grand Prix,"102 Zarifa Aliyeva, Bak?, Azerbaijan",Super soft,7,Soft,21,Soft,23,,,,,,,5,10,6.003 km,20,51,Dry,2016
button,Azerbaijan Grand Prix,"103 Zarifa Aliyeva, Bak?, Azerbaijan",Super soft,6,Soft,19,Soft,26,,,,,,,19,11,6.003 km,20,51,Dry,2016
Felipe Nasr,Azerbaijan Grand Prix,"104 Zarifa Aliyeva, Bak?, Azerbaijan",Super soft,7,Soft,17,Soft,26,,,,,,,15,12,6.003 km,20,51,Dry,2016
grosjean,Azerbaijan Grand Prix,"105 Zarifa Aliyeva, Bak?, Azerbaijan",Super soft,10,Soft,16,Medium,24,,,,,,,11,13,6.003 km,20,51,Dry,2016
kevin_magnussen,Azerbaijan Grand Prix,"106 Zarifa Aliyeva, Bak?, Azerbaijan",Super soft,6,Soft,44,,,,,,,,,22,14,6.003 km,20,51,Dry,2016
Jolyon Palmer,Azerbaijan Grand Prix,"107 Zarifa Aliyeva, Bak?, Azerbaijan",Super soft,11,Soft,20,Super soft,19,,,,,,,21,15,6.003 km,20,51,Dry,2016
Esteban Gutierrez,Azerbaijan Grand Prix,"108 Zarifa Aliyeva, Bak?, Azerbaijan",Super soft,8,Soft,21,Super soft,21,,,,,,,14,16,6.003 km,20,51,Dry,2016
ericsson,Azerbaijan Grand Prix,"109 Zarifa Aliyeva, Bak?, Azerbaijan",Soft,16,Super soft,9,Soft,25,,,,,,,20,17,6.003 km,20,51,Dry,2016
Rio Haryanto,Azerbaijan Grand Prix,"110 Zarifa Aliyeva, Bak?, Azerbaijan",Super soft,1,Soft,48,,,,,,,,,16,18,6.003 km,20,51,Dry,2016
alonso,Azerbaijan Grand Prix,"111 Zarifa Aliyeva, Bak?, Azerbaijan",Super soft,5,Soft,19,Soft,18,,,,,,,13,DNF,6.003 km,20,51,Dry,2016
Pascal Wehrlein,Azerbaijan Grand Prix,"112 Zarifa Aliyeva, Bak?, Azerbaijan",Soft,29,Medium,10,,,,,,,,,17,DNF,6.003 km,20,51,Dry,2016
Carlos Sainz,Azerbaijan Grand Prix,"113 Zarifa Aliyeva, Bak?, Azerbaijan",Super soft,4,Soft,23,Super soft,4,,,,,,,18,DNF,6.003 km,20,51,Dry,2016
kvyat,Azerbaijan Grand Prix,"114 Zarifa Aliyeva, Bak?, Azerbaijan",Super soft,5,Soft,1,,,,,,,,,6,DNF,6.003 km,20,51,Dry,2016
hamilton,Austrian Grand Prix,"Red Bull Ring Str. 1, 8724 Spielberg, Austria",Ultra soft,21,Soft,33,Soft,17,,,,,,,1,1,4.326 km,10,71,Dry,2016
Max Verstappen,Austrian Grand Prix,"Red Bull Ring Str. 1, 8724 Spielberg, Austria",Super soft,15,Soft,56,,,,,,,,,8,2,4.326 km,10,71,Dry,2016
Kimi Raikkonen,Austrian Grand Prix,"Red Bull Ring Str. 1, 8724 Spielberg, Austria",Super soft,22,Soft,49,,,,,,,,,4,3,4.326 km,10,71,Dry,2016
rosberg,Austrian Grand Prix,"Red Bull Ring Str. 1, 8724 Spielberg, Austria",Ultra soft,10,Soft,45,Super soft,16,,,,,,,6,4,4.326 km,10,71,Dry,2016
ricciardo,Austrian Grand Prix,"Red Bull Ring Str. 1, 8724 Spielberg, Austria",Super soft,14,Soft,46,Ultra soft,11,,,,,,,5,5,4.326 km,10,71,Dry,2016
button,Austrian Grand Prix,"Red Bull Ring Str. 1, 8724 Spielberg, Austria",Ultra soft,9,Soft,17,Soft,45,,,,,,,3,6,4.326 km,10,71,Dry,2016
grosjean,Austrian Grand Prix,"Red Bull Ring Str. 1, 8724 Spielberg, Austria",Super soft,26,Soft,45,,,,,,,,,13,7,4.326 km,10,71,Dry,2016
Carlos Sainz,Austrian Grand Prix,"Red Bull Ring Str. 1, 8724 Spielberg, Austria",Super soft,9,Soft,19,Soft,43,,,,,,,15,8,4.326 km,10,71,Dry,2016
bottas,Austrian Grand Prix,"Red Bull Ring Str. 1, 8724 Spielberg, Austria",Ultra soft,9,Soft,42,Super soft,19,,,,,,,7,9,4.326 km,10,71,Dry,2016
Pascal Wehrlein,Austrian Grand Prix,"Red Bull Ring Str. 1, 8724 Spielberg, Austria",Ultra soft,13,Ultra soft,10,Soft,47,,,,,,,12,10,4.326 km,10,71,Dry,2016
Esteban Gutierrez,Austrian Grand Prix,"Red Bull Ring Str. 1, 8724 Spielberg, Austria",Super soft,21,Super soft,20,Soft,29,,,,,,,11,11,4.326 km,10,71,Dry,2016
Jolyon Palmer,Austrian Grand Prix,"Red Bull Ring Str. 1, 8724 Spielberg, Austria",Super soft,12,Soft,38,Super soft,20,,,,,,,19,12,4.326 km,10,71,Dry,2016
Felipe Nasr,Austrian Grand Prix,"Red Bull Ring Str. 1, 8724 Spielberg, Austria",Soft,43,Super soft,27,,,,,,,,,21,13,4.326 km,10,71,Dry,2016
kevin_magnussen,Austrian Grand Prix,"Red Bull Ring Str. 1, 8724 Spielberg, Austria",Super soft,11,Soft,38,Super soft,21,,,,,,,17,14,4.326 km,10,71,Dry,2016
ericsson,Austrian Grand Prix,"Red Bull Ring Str. 1, 8724 Spielberg, Austria",Super soft,12,Soft,38,Super soft,20,,,,,,,18,15,4.326 km,10,71,Dry,2016
Rio Haryanto,Austrian Grand Prix,"Red Bull Ring Str. 1, 8724 Spielberg, Austria",Soft,27,Super soft,23,Super soft,20,,,,,,,20,16,4.326 km,10,71,Dry,2016
Sergio Perez,Austrian Grand Prix,"Red Bull Ring Str. 1, 8724 Spielberg, Austria",Ultra soft,9,Super soft,17,Soft,43,,,,,,,16,17,4.326 km,10,71,Dry,2016
alonso,Austrian Grand Prix,"Red Bull Ring Str. 1, 8724 Spielberg, Austria",Super soft,8,Soft,18,Soft,38,,,,,,,14,18,4.326 km,10,71,Dry,2016
Nico Hulkenberg,Austrian Grand Prix,"Red Bull Ring Str. 1, 8724 Spielberg, Austria",Ultra soft,8,Super soft,16,Soft,26,Ultra soft,14,,,,,2,19,4.326 km,10,71,Dry,2016
massa,Austrian Grand Prix,"Red Bull Ring Str. 1, 8724 Spielberg, Austria",Super soft,12,Soft,44,Super soft,7,,,,,,,10,20,4.326 km,10,71,Dry,2016
vettel,Austrian Grand Prix,"Red Bull Ring Str. 1, 8724 Spielberg, Austria",Super soft,26,,,,,,,,,,,9,DNF,4.326 km,10,71,Dry,2016
kvyat,Austrian Grand Prix,"Red Bull Ring Str. 1, 8724 Spielberg, Austria",Ultra soft,1,,,,,,,,,,,22,DNF,4.326 km,10,71,Dry,2016
hamilton,British Grand Prix,"Hilton Garden Inn, Silverstone Circuit, Towcester NN12 8TL",Wet,7,Intermediate,10,Medium,35,,,,,,,1,1,5.891 km,18,67,Mix,2016
rosberg,British Grand Prix,"Hilton Garden Inn, Silverstone Circuit, Towcester NN12 8TL",Wet,7,Intermediate,10,Medium,35,,,,,,,2,2,5.891 km,18,67,Mix,2016
Max Verstappen,British Grand Prix,"Hilton Garden Inn, Silverstone Circuit, Towcester NN12 8TL",Wet,7,Intermediate,11,Medium,34,,,,,,,3,3,5.891 km,18,67,Mix,2016
ricciardo,British Grand Prix,"Hilton Garden Inn, Silverstone Circuit, Towcester NN12 8TL",Wet,6,Intermediate,11,Medium,35,,,,,,,4,4,5.891 km,18,67,Mix,2016
Kimi Raikkonen,British Grand Prix,"Hilton Garden Inn, Silverstone Circuit, Towcester NN12 8TL",Wet,5,Intermediate,11,Medium,36,,,,,,,5,5,5.891 km,18,67,Mix,2016
Sergio Perez,British Grand Prix,"Hilton Garden Inn, Silverstone Circuit, Towcester NN12 8TL",Wet,7,Intermediate,10,Medium,35,,,,,,,10,6,5.891 km,18,67,Mix,2016
Nico Hulkenberg,British Grand Prix,"Hilton Garden Inn, Silverstone Circuit, Towcester NN12 8TL",Wet,5,Intermediate,12,Medium,35,,,,,,,8,7,5.891 km,18,67,Mix,2016
Carlos Sainz,British Grand Prix,"Hilton Garden Inn, Silverstone Circuit, Towcester NN12 8TL",Wet,5,Intermediate,12,Medium,35,,,,,,,7,8,5.891 km,18,67,Mix,2016
vettel,British Grand Prix,"Hilton Garden Inn, Silverstone Circuit, Towcester NN12 8TL",Wet,5,Intermediate,10,Medium,37,,,,,,,11,9,5.891 km,18,67,Mix,2016
kvyat,British Grand Prix,"Hilton Garden Inn, Silverstone Circuit, Towcester NN12 8TL",Wet,6,Intermediate,10,Medium,36,,,,,,,15,10,5.891 km,18,67,Mix,2016
massa,British Grand Prix,"Hilton Garden Inn, Silverstone Circuit, Towcester NN12 8TL",Wet,6,Intermediate,10,Medium,22,Soft,13,,,,,12,11,5.891 km,18,67,Mix,2016
button,British Grand Prix,"Hilton Garden Inn, Silverstone Circuit, Towcester NN12 8TL",Wet,6,Intermediate,11,Medium,34,,,,,,,17,12,5.891 km,18,67,Mix,2016
alonso,British Grand Prix,"Hilton Garden Inn, Silverstone Circuit, Towcester NN12 8TL",Wet,5,Intermediate,12,Medium,22,Medium,12,,,,,9,13,5.891 km,18,67,Mix,2016
bottas,British Grand Prix,"Hilton Garden Inn, Silverstone Circuit, Towcester NN12 8TL",Wet,5,Intermediate,11,Medium,35,,,,,,,6,14,5.891 km,18,67,Mix,2016
Felipe Nasr,British Grand Prix,"Hilton Garden Inn, Silverstone Circuit, Towcester NN12 8TL",Wet,7,Intermediate,9,Medium,35,,,,,,,21,15,5.891 km,18,67,Mix,2016
Esteban Gutierrez,British Grand Prix,"Hilton Garden Inn, Silverstone Circuit, Towcester NN12 8TL",Wet,5,Intermediate,12,Medium,34,,,,,,,14,16,5.891 km,18,67,Mix,2016
kevin_magnussen,British Grand Prix,"Hilton Garden Inn, Silverstone Circuit, Towcester NN12 8TL",Wet,5,Intermediate,12,Medium,23,Soft,9,,,,,16,17,5.891 km,18,67,Mix,2016
Jolyon Palmer,British Grand Prix,"Hilton Garden Inn, Silverstone Circuit, Towcester NN12 8TL",Wet,6,Intermediate,10,Medium,3,Medium,18,,,,,18,DNF,5.891 km,18,67,Mix,2016
Rio Haryanto,British Grand Prix,"Hilton Garden Inn, Silverstone Circuit, Towcester NN12 8TL",Wet,6,Intermediate,11,Medium,7,,,,,,,19,DNF,5.891 km,18,67,Mix,2016
grosjean,British Grand Prix,"Hilton Garden Inn, Silverstone Circuit, Towcester NN12 8TL",Wet,5,Intermediate,11,Medium,1,,,,,,,13,DNF,5.891 km,18,67,Mix,2016
ericsson,British Grand Prix,"Hilton Garden Inn, Silverstone Circuit, Towcester NN12 8TL",Wet,7,Intermediate,3,Intermediate,1,,,,,,,22,DNF,5.891 km,18,67,Mix,2016
Pascal Wehrlein,British Grand Prix,"Hilton Garden Inn, Silverstone Circuit, Towcester NN12 8TL",Wet,5,Intermediate,1,,,,,,,,,20,DNF,5.891 km,18,67,Mix,2016
hamilton,Hungarian Grand Prix,"Mogyor贸d, Hungaroring utca 10, 2146 Hungary",Super soft,16,Soft,25,Soft,29,,,,,,,2,1,4.381 km,14,70,Dry,2016
rosberg,Hungarian Grand Prix,"Mogyor贸d, Hungaroring utca 10, 2146 Hungary",Super soft,17,Soft,25,Soft,28,,,,,,,1,2,4.381 km,14,70,Dry,2016
ricciardo,Hungarian Grand Prix,"Mogyor贸d, Hungaroring utca 10, 2146 Hungary",Super soft,15,Soft,18,Soft,37,,,,,,,3,3,4.381 km,14,70,Dry,2016
vettel,Hungarian Grand Prix,"Mogyor贸d, Hungaroring utca 10, 2146 Hungary",Super soft,14,Soft,27,Soft,29,,,,,,,5,4,4.381 km,14,70,Dry,2016
Max Verstappen,Hungarian Grand Prix,"Mogyor贸d, Hungaroring utca 10, 2146 Hungary",Super soft,16,Soft,22,Soft,32,,,,,,,4,5,4.381 km,14,70,Dry,2016
Kimi Raikkonen,Hungarian Grand Prix,"Mogyor贸d, Hungaroring utca 10, 2146 Hungary",Soft,29,Super soft,21,Super soft,20,,,,,,,14,6,4.381 km,14,70,Dry,2016
alonso,Hungarian Grand Prix,"Mogyor贸d, Hungaroring utca 10, 2146 Hungary",Super soft,15,Soft,29,Soft,25,,,,,,,7,7,4.381 km,14,70,Dry,2016
Carlos Sainz,Hungarian Grand Prix,"Mogyor贸d, Hungaroring utca 10, 2146 Hungary",Super soft,16,Soft,26,Soft,27,,,,,,,6,8,4.381 km,14,70,Dry,2016
bottas,Hungarian Grand Prix,"Mogyor贸d, Hungaroring utca 10, 2146 Hungary",Super soft,16,Soft,27,Soft,26,,,,,,,10,9,4.381 km,14,70,Dry,2016
Nico Hulkenberg,Hungarian Grand Prix,"Mogyor贸d, Hungaroring utca 10, 2146 Hungary",Super soft,14,Soft,25,Soft,30,,,,,,,9,10,4.381 km,14,70,Dry,2016
Sergio Perez,Hungarian Grand Prix,"Mogyor贸d, Hungaroring utca 10, 2146 Hungary",Soft,27,Medium,13,Soft,29,,,,,,,13,11,4.381 km,14,70,Dry,2016
Esteban Gutierrez,Hungarian Grand Prix,"Mogyor贸d, Hungaroring utca 10, 2146 Hungary",Super soft,15,Soft,22,Soft,32,,,,,,,15,12,4.381 km,14,70,Dry,2016
Jolyon Palmer,Hungarian Grand Prix,"Mogyor贸d, Hungaroring utca 10, 2146 Hungary",Soft,26,Super soft,13,Soft,30,,,,,,,17,13,4.381 km,14,70,Dry,2016
grosjean,Hungarian Grand Prix,"Mogyor贸d, Hungaroring utca 10, 2146 Hungary",Super soft,14,Soft,22,Soft,33,,,,,,,11,14,4.381 km,14,70,Dry,2016
kevin_magnussen,Hungarian Grand Prix,"Mogyor贸d, Hungaroring utca 10, 2146 Hungary",Super soft,24,Super soft,12,Soft,33,,,,,,,19,15,4.381 km,14,70,Dry,2016
kvyat,Hungarian Grand Prix,"Mogyor贸d, Hungaroring utca 10, 2146 Hungary",Soft,24,Super soft,22,Super soft,23,,,,,,,12,16,4.381 km,14,70,Dry,2016
Felipe Nasr,Hungarian Grand Prix,"Mogyor贸d, Hungaroring utca 10, 2146 Hungary",Super soft,11,Soft,28,Soft,30,,,,,,,16,17,4.381 km,14,70,Dry,2016
massa,Hungarian Grand Prix,"Mogyor贸d, Hungaroring utca 10, 2146 Hungary",Soft,25,Medium,40,Super soft,3,,,,,,,18,18,4.381 km,14,70,Dry,2016
Pascal Wehrlein,Hungarian Grand Prix,"Mogyor贸d, Hungaroring utca 10, 2146 Hungary",Super soft,9,Soft,26,Soft,33,,,,,,,20,19,4.381 km,14,70,Dry,2016
ericsson,Hungarian Grand Prix,"Mogyor贸d, Hungaroring utca 10, 2146 Hungary",Soft,17,Soft,28,Super soft,17,Super soft,6,,,,,22,20,4.381 km,14,70,Dry,2016
Rio Haryanto,Hungarian Grand Prix,"Mogyor贸d, Hungaroring utca 10, 2146 Hungary",Soft,29,Medium,39,,,,,,,,,21,21,4.381 km,14,70,Dry,2016
button,Hungarian Grand Prix,"Mogyor贸d, Hungaroring utca 10, 2146 Hungary",Super soft,7,Soft,21,Medium,32,,,,,,,8,DNF,4.381 km,14,70,Dry,2016
hamilton,German Grand Prix,"Am Motodrom 1, 68766 Hockenheim, Germany",Super soft,14,Soft,20,Super soft,13,Soft,20,,,,,2,1,4.574 km,16,67,Dry,2016
ricciardo,German Grand Prix,"Am Motodrom 1, 68766 Hockenheim, Germany",Super soft,12,Soft,21,Super soft,13,Super soft,21,,,,,3,2,4.574 km,16,67,Dry,2016
Max Verstappen,German Grand Prix,"Am Motodrom 1, 68766 Hockenheim, Germany",Super soft,11,Super soft,17,Soft,17,Super soft,22,,,,,4,3,4.574 km,16,67,Dry,2016
rosberg,German Grand Prix,"Am Motodrom 1, 68766 Hockenheim, Germany",Super soft,11,Super soft,16,Soft,17,Soft,23,,,,,1,4,4.574 km,16,67,Dry,2016
vettel,German Grand Prix,"Am Motodrom 1, 68766 Hockenheim, Germany",Super soft,13,Soft,18,Super soft,15,Soft,21,,,,,6,5,4.574 km,16,67,Dry,2016
Kimi Raikkonen,German Grand Prix,"Am Motodrom 1, 68766 Hockenheim, Germany",Super soft,14,Soft,18,Super soft,15,Soft,20,,,,,5,6,4.574 km,16,67,Dry,2016
Nico Hulkenberg,German Grand Prix,"Am Motodrom 1, 68766 Hockenheim, Germany",Super soft,12,Soft,20,Super soft,12,Soft,23,,,,,8,7,4.574 km,16,67,Dry,2016
button,German Grand Prix,"Am Motodrom 1, 68766 Hockenheim, Germany",Super soft,13,Soft,18,Super soft,15,Super soft,20,,,,,12,8,4.574 km,16,67,Dry,2016
bottas,German Grand Prix,"Am Motodrom 1, 68766 Hockenheim, Germany",Super soft,12,Soft,21,Soft,33,,,,,,,7,9,4.574 km,16,67,Dry,2016
Sergio Perez,German Grand Prix,"Am Motodrom 1, 68766 Hockenheim, Germany",Super soft,8,Soft,19,Super soft,16,Soft,23,,,,,9,10,4.574 km,16,67,Dry,2016
Esteban Gutierrez,German Grand Prix,"Am Motodrom 1, 68766 Hockenheim, Germany",Soft,25,Super soft,22,Super soft,19,,,,,,,11,11,4.574 km,16,67,Dry,2016
alonso,German Grand Prix,"Am Motodrom 1, 68766 Hockenheim, Germany",Super soft,14,Soft,14,Super soft,19,Super soft,19,,,,,13,12,4.574 km,16,67,Dry,2016
grosjean,German Grand Prix,"Am Motodrom 1, 68766 Hockenheim, Germany",Super soft,17,Soft,26,Super soft,23,,,,,,,20,13,4.574 km,16,67,Dry,2016
Carlos Sainz,German Grand Prix,"Am Motodrom 1, 68766 Hockenheim, Germany",Super soft,9,Super soft,20,Soft,22,Super soft,15,,,,,15,14,4.574 km,16,67,Dry,2016
kvyat,German Grand Prix,"Am Motodrom 1, 68766 Hockenheim, Germany",Super soft,7,Soft,21,Super soft,21,Super soft,17,,,,,18,15,4.574 km,16,67,Dry,2016
kevin_magnussen,German Grand Prix,"Am Motodrom 1, 68766 Hockenheim, Germany",Super soft,11,Super soft,21,Soft,34,,,,,,,16,16,4.574 km,16,67,Dry,2016
Pascal Wehrlein,German Grand Prix,"Am Motodrom 1, 68766 Hockenheim, Germany",Super soft,12,Super soft,14,Soft,20,Soft,19,,,,,17,17,4.574 km,16,67,Dry,2016
ericsson,German Grand Prix,"Am Motodrom 1, 68766 Hockenheim, Germany",Super soft,16,Super soft,17,Soft,32,,,,,,,22,18,4.574 km,16,67,Dry,2016
Jolyon Palmer,German Grand Prix,"Am Motodrom 1, 68766 Hockenheim, Germany",Super soft,2,Soft,23,Super soft,20,Super soft,20,,,,,14,19,4.574 km,16,67,Dry,2016
Rio Haryanto,German Grand Prix,"Am Motodrom 1, 68766 Hockenheim, Germany",Super soft,13,Soft,19,Super soft,17,Super soft,16,,,,,19,20,4.574 km,16,67,Dry,2016
Felipe Nasr,German Grand Prix,"Am Motodrom 1, 68766 Hockenheim, Germany",Super soft,7,Super soft,12,Soft,23,Soft,15,,,,,21,DNF,4.574 km,16,67,Dry,2016
massa,German Grand Prix,"Am Motodrom 1, 68766 Hockenheim, Germany",Super soft,9,Soft,17,Soft,10,,,,,,,10,DNF,4.574 km,16,67,Dry,2016
rosberg,Belgian Grand Prix,"Rte du Circuit 55, 4970 Stavelot, Belgium",Soft,9,Medium,17,Medium,18,,,,,,,1,1,7.004 km,20,53,Dry,2016
ricciardo,Belgian Grand Prix,"Rte du Circuit 55, 4970 Stavelot, Belgium",Soft,9,Soft,16,Medium,19,,,,,,,5,2,7.004 km,20,53,Dry,2016
hamilton,Belgian Grand Prix,"Rte du Circuit 55, 4970 Stavelot, Belgium",Medium,9,Soft,12,Soft,11,Medium,12,,,,,21,3,7.004 km,20,53,Dry,2016
Nico Hulkenberg,Belgian Grand Prix,"Rte du Circuit 55, 4970 Stavelot, Belgium",Super soft,6,Soft,3,Medium,14,,,,,,,7,4,7.004 km,20,53,Dry,2016
Sergio Perez,Belgian Grand Prix,"Rte du Circuit 55, 4970 Stavelot, Belgium",Super soft,6,Soft,18,Medium,20,,,,,,,6,5,7.004 km,20,53,Dry,2016
vettel,Belgian Grand Prix,"Rte du Circuit 55, 4970 Stavelot, Belgium",Soft,1,Soft,22,Soft,21,,,,,,,4,6,7.004 km,20,53,Dry,2016
alonso,Belgian Grand Prix,"Rte du Circuit 55, 4970 Stavelot, Belgium",Medium,9,Soft,14,Medium,21,,,,,,,22,7,7.004 km,20,53,Dry,2016
bottas,Belgian Grand Prix,"Rte du Circuit 55, 4970 Stavelot, Belgium",Super soft,7,Soft,16,Medium,21,,,,,,,8,8,7.004 km,20,53,Dry,2016
Kimi Raikkonen,Belgian Grand Prix,"Rte du Circuit 55, 4970 Stavelot, Belgium",Soft,1,Super soft,4,Soft,19,Medium,20,,,,,3,9,7.004 km,20,53,Dry,2016
massa,Belgian Grand Prix,"Rte du Circuit 55, 4970 Stavelot, Belgium",Super soft,2,Soft,20,Medium,22,,,,,,,10,10,7.004 km,20,53,Dry,2016
Max Verstappen,Belgian Grand Prix,"Rte du Circuit 55, 4970 Stavelot, Belgium",Super soft,1,Medium,15,Soft,11,Soft,17,,,,,2,11,7.004 km,20,53,Dry,2016
Esteban Gutierrez,Belgian Grand Prix,"Rte du Circuit 55, 4970 Stavelot, Belgium",Soft,7,Soft,15,Medium,22,,,,,,,18,12,7.004 km,20,53,Dry,2016
grosjean,Belgian Grand Prix,"Rte du Circuit 55, 4970 Stavelot, Belgium",Soft,6,Soft,17,Medium,21,,,,,,,11,13,7.004 km,20,53,Dry,2016
kvyat,Belgian Grand Prix,"Rte du Circuit 55, 4970 Stavelot, Belgium",Soft,9,Soft,21,Medium,14,Super soft,9,,,,,19,14,7.004 km,20,53,Dry,2016
Jolyon Palmer,Belgian Grand Prix,"Rte du Circuit 55, 4970 Stavelot, Belgium",Soft,6,Soft,16,Medium,12,Super soft,10,,,,,13,15,7.004 km,20,53,Dry,2016
Esteban Ocon,Belgian Grand Prix,"Rte du Circuit 55, 4970 Stavelot, Belgium",Soft,6,Medium,18,Medium,19,,,,,,,17,16,7.004 km,20,53,Dry,2016
Felipe Nasr,Belgian Grand Prix,"Rte du Circuit 55, 4970 Stavelot, Belgium",Soft,1,Medium,8,Soft,14,Medium,20,,,,,16,17,7.004 km,20,53,Dry,2016
kevin_magnussen,Belgian Grand Prix,"Rte du Circuit 55, 4970 Stavelot, Belgium",Soft,5,,,,,,,,,,,12,DNF,7.004 km,20,53,Dry,2016
ericsson,Belgian Grand Prix,"Rte du Circuit 55, 4970 Stavelot, Belgium",Soft,3,,,,,,,,,,,20,DNF,7.004 km,20,53,Dry,2016
Carlos Sainz,Belgian Grand Prix,"Rte du Circuit 55, 4970 Stavelot, Belgium",Soft,1,,,,,,,,,,,14,DNF,7.004 km,20,53,Dry,2016
button,Belgian Grand Prix,"Rte du Circuit 55, 4970 Stavelot, Belgium",Super soft,1,,,,,,,,,,,9,DNF,7.004 km,20,53,Dry,2016
Pascal Wehrlein,Belgian Grand Prix,"Rte du Circuit 55, 4970 Stavelot, Belgium",Soft,0,,,,,,,,,,,15,DNF,7.004 km,20,53,Dry,2016
rosberg,Italian Grand Prix,"Viale di Vedano, 5, 20900 Monza MB, Italy",Soft,24,Medium,29,,,,,,,,,2,1,5.793 km,11,53,Dry,2016
hamilton,Italian Grand Prix,"Viale di Vedano, 5, 20900 Monza MB, Italy",Soft,25,Medium,28,,,,,,,,,1,2,5.793 km,11,53,Dry,2016
vettel,Italian Grand Prix,"Viale di Vedano, 5, 20900 Monza MB, Italy",Super soft,16,Super soft,17,Soft,20,,,,,,,3,3,5.793 km,11,53,Dry,2016
Kimi Raikkonen,Italian Grand Prix,"Viale di Vedano, 5, 20900 Monza MB, Italy",Super soft,15,Super soft,19,Soft,19,,,,,,,4,4,5.793 km,11,53,Dry,2016
ricciardo,Italian Grand Prix,"Viale di Vedano, 5, 20900 Monza MB, Italy",Super soft,16,Soft,21,Super soft,16,,,,,,,6,5,5.793 km,11,53,Dry,2016
bottas,Italian Grand Prix,"Viale di Vedano, 5, 20900 Monza MB, Italy",Super soft,13,Soft,17,Soft,23,,,,,,,5,6,5.793 km,11,53,Dry,2016
Max Verstappen,Italian Grand Prix,"Viale di Vedano, 5, 20900 Monza MB, Italy",Super soft,13,Soft,22,Soft,18,,,,,,,7,7,5.793 km,11,53,Dry,2016
Sergio Perez,Italian Grand Prix,"Viale di Vedano, 5, 20900 Monza MB, Italy",Super soft,15,Soft,13,Soft,25,,,,,,,8,8,5.793 km,11,53,Dry,2016
massa,Italian Grand Prix,"Viale di Vedano, 5, 20900 Monza MB, Italy",Soft,16,Soft,20,Super soft,17,,,,,,,11,9,5.793 km,11,53,Dry,2016
Nico Hulkenberg,Italian Grand Prix,"Viale di Vedano, 5, 20900 Monza MB, Italy",Super soft,14,Soft,19,Soft,20,,,,,,,9,10,5.793 km,11,53,Dry,2016
grosjean,Italian Grand Prix,"Viale di Vedano, 5, 20900 Monza MB, Italy",Soft,28,Super soft,24,,,,,,,,,17,11,5.793 km,11,53,Dry,2016
button,Italian Grand Prix,"Viale di Vedano, 5, 20900 Monza MB, Italy",Super soft,15,Soft,23,Super soft,14,,,,,,,14,12,5.793 km,11,53,Dry,2016
Esteban Gutierrez,Italian Grand Prix,"Viale di Vedano, 5, 20900 Monza MB, Italy",Super soft,16,Soft,18,Super soft,18,,,,,,,10,13,5.793 km,11,53,Dry,2016
alonso,Italian Grand Prix,"Viale di Vedano, 5, 20900 Monza MB, Italy",Super soft,13,Soft,20,Soft,16,Super soft,3,,,,,12,15,5.793 km,11,53,Dry,2016
Carlos Sainz,Italian Grand Prix,"Viale di Vedano, 5, 20900 Monza MB, Italy",Soft,23,Super soft,16,Super soft,13,,,,,,,15,16,5.793 km,11,53,Dry,2016
ericsson,Italian Grand Prix,"Viale di Vedano, 5, 20900 Monza MB, Italy",Soft,23,Medium,29,,,,,,,,,19,17,5.793 km,11,53,Dry,2016
kevin_magnussen,Italian Grand Prix,"Viale di Vedano, 5, 20900 Monza MB, Italy",Super soft,14,Soft,16,Super soft,22,,,,,,,21,18,5.793 km,11,53,Dry,2016
Esteban Ocon,Italian Grand Prix,"Viale di Vedano, 5, 20900 Monza MB, Italy",Medium,32,Soft,19,,,,,,,,,22,DNF,5.793 km,11,53,Dry,2016
kvyat,Italian Grand Prix,"Viale di Vedano, 5, 20900 Monza MB, Italy",Super soft,13,Soft,20,Super soft,3,,,,,,,16,DNF,5.793 km,11,53,Dry,2016
Pascal Wehrlein,Italian Grand Prix,"Viale di Vedano, 5, 20900 Monza MB, Italy",Soft,16,Medium,10,,,,,,,,,13,DNF,5.793 km,11,53,Dry,2016
Jolyon Palmer,Italian Grand Prix,"Viale di Vedano, 5, 20900 Monza MB, Italy",Soft,2,Medium,5,,,,,,,,,20,DNF,5.793 km,11,53,Dry,2016
Felipe Nasr,Italian Grand Prix,"Viale di Vedano, 5, 20900 Monza MB, Italy",Soft,2,Medium,2,Soft,1,Soft,1,,,,,18,DNF,5.793 km,11,53,Dry,2016
rosberg,Singapore Grand Prix,"Marina Bay, Singapore",Ultra soft,16,Soft,17,Soft,28,,,,,,,1,1,5.065 km,23,61,Dry,2016
ricciardo,Singapore Grand Prix,"Marina Bay, Singapore",Super soft,15,Super soft,17,Soft,15,Super soft,14,,,,,2,2,5.065 km,23,61,Dry,2016
hamilton,Singapore Grand Prix,"Marina Bay, Singapore",Ultra soft,15,Soft,19,Soft,11,Super soft,16,,,,,3,3,5.065 km,23,61,Dry,2016
Kimi Raikkonen,Singapore Grand Prix,"Marina Bay, Singapore",Ultra soft,17,Super soft,16,Soft,13,Ultra soft,15,,,,,5,4,5.065 km,23,61,Dry,2016
vettel,Singapore Grand Prix,"Marina Bay, Singapore",Soft,24,Ultra soft,18,Ultra soft,19,,,,,,,22,5,5.065 km,23,61,Dry,2016
Max Verstappen,Singapore Grand Prix,"Marina Bay, Singapore",Super soft,13,Super soft,14,Super soft,17,Soft,17,,,,,4,6,5.065 km,23,61,Dry,2016
alonso,Singapore Grand Prix,"Marina Bay, Singapore",Ultra soft,14,Super soft,20,Soft,27,,,,,,,9,7,5.065 km,23,61,Dry,2016
Sergio Perez,Singapore Grand Prix,"Marina Bay, Singapore",Ultra soft,1,Soft,24,Soft,36,,,,,,,17,8,5.065 km,23,61,Dry,2016
kvyat,Singapore Grand Prix,"Marina Bay, Singapore",Ultra soft,15,Super soft,22,Super soft,24,,,,,,,7,9,5.065 km,23,61,Dry,2016
kevin_magnussen,Singapore Grand Prix,"Marina Bay, Singapore",Ultra soft,17,Super soft,21,Super soft,23,,,,,,,15,10,5.065 km,23,61,Dry,2016
Esteban Gutierrez,Singapore Grand Prix,"Marina Bay, Singapore",Ultra soft,18,Ultra soft,18,Soft,24,,,,,,,13,11,5.065 km,23,61,Dry,2016
massa,Singapore Grand Prix,"Marina Bay, Singapore",Ultra soft,16,Super soft,12,Ultra soft,15,Ultra soft,17,,,,,11,12,5.065 km,23,61,Dry,2016
Felipe Nasr,Singapore Grand Prix,"Marina Bay, Singapore",Super soft,17,Super soft,18,Soft,25,,,,,,,16,13,5.065 km,23,61,Dry,2016
Carlos Sainz,Singapore Grand Prix,"Marina Bay, Singapore",Ultra soft,7,Super soft,20,Soft,21,Ultra soft,12,,,,,6,14,5.065 km,23,61,Dry,2016
Jolyon Palmer,Singapore Grand Prix,"Marina Bay, Singapore",Super soft,11,Super soft,23,Soft,26,,,,,,,18,15,5.065 km,23,61,Dry,2016
Pascal Wehrlein,Singapore Grand Prix,"Marina Bay, Singapore",Ultra soft,18,Super soft,18,Ultra soft,24,,,,,,,19,16,5.065 km,23,61,Dry,2016
ericsson,Singapore Grand Prix,"Marina Bay, Singapore",Ultra soft,8,Super soft,17,Ultra soft,11,Soft,24,,,,,14,17,5.065 km,23,61,Dry,2016
Esteban Ocon,Singapore Grand Prix,"Marina Bay, Singapore",Ultra soft,19,Ultra soft,15,Super soft,11,Super soft,14,,,,,21,18,5.065 km,23,61,Dry,2016
button,Singapore Grand Prix,"Marina Bay, Singapore",Ultra soft,1,Super soft,14,Ultra soft,12,Soft,16,,,,,12,DNF,5.065 km,23,61,Dry,2016
bottas,Singapore Grand Prix,"Marina Bay, Singapore",Ultra soft,1,Soft,14,Super soft,15,Ultra soft,2,Ultra soft,3,,,10,DNF,5.065 km,23,61,Dry,2016
ricciardo,Malaysian Grand Prix,"27, 64000 Sepang, Selangor, Malaysia",Soft,21,Hard,20,Soft,15,,,,,,,4,1,5.543 km,15,56,Dry,2016
Max Verstappen,Malaysian Grand Prix,"27, 64000 Sepang, Selangor, Malaysia",Soft,9,Soft,18,Hard,14,Soft,15,,,,,3,2,5.543 km,15,56,Dry,2016
rosberg,Malaysian Grand Prix,"27, 64000 Sepang, Selangor, Malaysia",Soft,9,Hard,22,Hard,10,Soft,15,,,,,2,3,5.543 km,15,56,Dry,2016
Kimi Raikkonen,Malaysian Grand Prix,"27, 64000 Sepang, Selangor, Malaysia",Soft,20,Hard,12,Hard,8,Soft,16,,,,,6,4,5.543 km,15,56,Dry,2016
bottas,Malaysian Grand Prix,"27, 64000 Sepang, Selangor, Malaysia",Medium,29,Hard,27,,,,,,,,,11,5,5.543 km,15,56,Dry,2016
Sergio Perez,Malaysian Grand Prix,"27, 64000 Sepang, Selangor, Malaysia",Soft,9,Medium,23,Hard,24,,,,,,,7,6,5.543 km,15,56,Dry,2016
alonso,Malaysian Grand Prix,"27, 64000 Sepang, Selangor, Malaysia",Soft,9,Hard,18,Soft,13,Soft,16,,,,,22,7,5.543 km,15,56,Dry,2016
Nico Hulkenberg,Malaysian Grand Prix,"27, 64000 Sepang, Selangor, Malaysia",Soft,9,Medium,19,Hard,12,Soft,16,,,,,8,8,5.543 km,15,56,Dry,2016
button,Malaysian Grand Prix,"27, 64000 Sepang, Selangor, Malaysia",Soft,9,Hard,28,Soft,19,,,,,,,9,9,5.543 km,15,56,Dry,2016
Jolyon Palmer,Malaysian Grand Prix,"27, 64000 Sepang, Selangor, Malaysia",Hard,31,Soft,25,,,,,,,,,19,10,5.543 km,15,56,Dry,2016
Carlos Sainz,Malaysian Grand Prix,"27, 64000 Sepang, Selangor, Malaysia",Soft,20,Hard,17,Soft,19,,,,,,,16,11,5.543 km,15,56,Dry,2016
ericsson,Malaysian Grand Prix,"27, 64000 Sepang, Selangor, Malaysia",Soft,21,Soft,16,Hard,18,,,,,,,17,12,5.543 km,15,56,Dry,2016
massa,Malaysian Grand Prix,"27, 64000 Sepang, Selangor, Malaysia",Soft,1,Hard,5,Hard,25,Medium,24,,,,,10,13,5.543 km,15,56,Dry,2016
kvyat,Malaysian Grand Prix,"27, 64000 Sepang, Selangor, Malaysia",Soft,1,Hard,28,Soft,11,Soft,15,,,,,15,14,5.543 km,15,56,Dry,2016
Pascal Wehrlein,Malaysian Grand Prix,"27, 64000 Sepang, Selangor, Malaysia",Soft,9,Hard,21,Hard,11,Soft,14,,,,,21,15,5.543 km,15,56,Dry,2016
Esteban Ocon,Malaysian Grand Prix,"27, 64000 Sepang, Selangor, Malaysia",Soft,12,Hard,19,Hard,24,,,,,,,20,16,5.543 km,15,56,Dry,2016
Felipe Nasr,Malaysian Grand Prix,"27, 64000 Sepang, Selangor, Malaysia",Medium,32,Hard,14,,,,,,,,,18,DNF,5.543 km,15,56,Dry,2016
hamilton,Malaysian Grand Prix,"27, 64000 Sepang, Selangor, Malaysia",Soft,20,Hard,20,,,,,,,,,1,DNF,5.543 km,15,56,Dry,2016
Esteban Gutierrez,Malaysian Grand Prix,"27, 64000 Sepang, Selangor, Malaysia",Soft,1,Soft,21,Hard,17,,,,,,,13,DNF,5.543 km,15,56,Dry,2016
kevin_magnussen,Malaysian Grand Prix,"27, 64000 Sepang, Selangor, Malaysia",Medium,1,Hard,16,,,,,,,,,14,DNF,5.543 km,15,56,Dry,2016
grosjean,Malaysian Grand Prix,"27, 64000 Sepang, Selangor, Malaysia",Soft,7,,,,,,,,,,,12,DNF,5.543 km,15,56,Dry,2016
vettel,Malaysian Grand Prix,"27, 64000 Sepang, Selangor, Malaysia",,,,,,,,,,,,,5,DNF,5.543 km,15,56,Dry,2016
rosberg,Japanese Grand Prix,"7995 Inoucho, Suzuka, Mie 510-0295, Japan",Soft,12,Hard,17,Hard,24,,,,,,,1,1,5.807 km,18,53,Dry,2016
Max Verstappen,Japanese Grand Prix,"7996 Inoucho, Suzuka, Mie 510-0295, Japan",Soft,10,Hard,18,Hard,25,,,,,,,3,2,5.807 km,18,53,Dry,2016
hamilton,Japanese Grand Prix,"7997 Inoucho, Suzuka, Mie 510-0295, Japan",Soft,13,Hard,20,Hard,20,,,,,,,2,3,5.807 km,18,53,Dry,2016
vettel,Japanese Grand Prix,"7998 Inoucho, Suzuka, Mie 510-0295, Japan",Soft,12,Hard,22,Soft,19,,,,,,,6,4,5.807 km,18,53,Dry,2016
Kimi Raikkonen,Japanese Grand Prix,"7999 Inoucho, Suzuka, Mie 510-0295, Japan",Soft,12,Hard,14,Hard,27,,,,,,,8,5,5.807 km,18,53,Dry,2016
ricciardo,Japanese Grand Prix,"8000 Inoucho, Suzuka, Mie 510-0295, Japan",Soft,10,Hard,22,Hard,21,,,,,,,4,6,5.807 km,18,53,Dry,2016
Sergio Perez,Japanese Grand Prix,"8001 Inoucho, Suzuka, Mie 510-0295, Japan",Soft,12,Hard,17,Medium,24,,,,,,,5,7,5.807 km,18,53,Dry,2016
Nico Hulkenberg,Japanese Grand Prix,"8002 Inoucho, Suzuka, Mie 510-0295, Japan",Soft,11,Hard,17,Medium,25,,,,,,,9,8,5.807 km,18,53,Dry,2016
massa,Japanese Grand Prix,"8003 Inoucho, Suzuka, Mie 510-0295, Japan",Medium,24,Hard,29,,,,,,,,,12,9,5.807 km,18,53,Dry,2016
bottas,Japanese Grand Prix,"8004 Inoucho, Suzuka, Mie 510-0295, Japan",Medium,26,Hard,27,,,,,,,,,11,10,5.807 km,18,53,Dry,2016
grosjean,Japanese Grand Prix,"8005 Inoucho, Suzuka, Mie 510-0295, Japan",Soft,10,Hard,20,Hard,23,,,,,,,7,11,5.807 km,18,53,Dry,2016
Jolyon Palmer,Japanese Grand Prix,"8006 Inoucho, Suzuka, Mie 510-0295, Japan",Medium,25,Hard,27,,,,,,,,,16,12,5.807 km,18,53,Dry,2016
kvyat,Japanese Grand Prix,"8007 Inoucho, Suzuka, Mie 510-0295, Japan",Soft,10,Soft,13,Hard,29,,,,,,,13,13,5.807 km,18,53,Dry,2016
kevin_magnussen,Japanese Grand Prix,"8008 Inoucho, Suzuka, Mie 510-0295, Japan",Hard,25,Medium,27,,,,,,,,,17,14,5.807 km,18,53,Dry,2016
ericsson,Japanese Grand Prix,"8009 Inoucho, Suzuka, Mie 510-0295, Japan",Medium,26,Hard,26,,,,,,,,,18,15,5.807 km,18,53,Dry,2016
alonso,Japanese Grand Prix,"8010 Inoucho, Suzuka, Mie 510-0295, Japan",Soft,9,Hard,18,Hard,25,,,,,,,15,16,5.807 km,18,53,Dry,2016
Carlos Sainz,Japanese Grand Prix,"8011 Inoucho, Suzuka, Mie 510-0295, Japan",Soft,13,Hard,24,Soft,15,,,,,,,14,17,5.807 km,18,53,Dry,2016
button,Japanese Grand Prix,"8012 Inoucho, Suzuka, Mie 510-0295, Japan",Hard,19,Soft,17,Soft,16,,,,,,,22,18,5.807 km,18,53,Dry,2016
Felipe Nasr,Japanese Grand Prix,"8013 Inoucho, Suzuka, Mie 510-0295, Japan",Hard,25,Medium,27,,,,,,,,,19,19,5.807 km,18,53,Dry,2016
Esteban Gutierrez,Japanese Grand Prix,"8014 Inoucho, Suzuka, Mie 510-0295, Japan",Soft,11,Hard,17,Hard,24,,,,,,,10,20,5.807 km,18,53,Dry,2016
Esteban Ocon,Japanese Grand Prix,"8015 Inoucho, Suzuka, Mie 510-0295, Japan",Soft,12,Hard,19,Hard,21,,,,,,,20,21,5.807 km,18,53,Dry,2016
Pascal Wehrlein,Japanese Grand Prix,"8016 Inoucho, Suzuka, Mie 510-0295, Japan",Soft,13,Hard,19,Hard,20,,,,,,,21,22,5.807 km,18,53,Dry,2016
hamilton,United States Grand Prix,"9201 Circuit of the Americas Blvd, Austin, TX 78617, United States",Soft,11,Soft,20,Medium,25,,,,,,,1,1,5.513 km,20,56,Dry,2016
rosberg,United States Grand Prix,"9202 Circuit of the Americas Blvd, Austin, TX 78617, United States",Soft,10,Medium,21,Medium,25,,,,,,,2,2,5.513 km,20,56,Dry,2016
ricciardo,United States Grand Prix,"9203 Circuit of the Americas Blvd, Austin, TX 78617, United States",Super soft,8,Soft,17,Medium,31,,,,,,,3,3,5.513 km,20,56,Dry,2016
vettel,United States Grand Prix,"9204 Circuit of the Americas Blvd, Austin, TX 78617, United States",Super soft,14,Soft,15,Medium,24,Super soft,3,,,,,6,4,5.513 km,20,56,Dry,2016
alonso,United States Grand Prix,"9205 Circuit of the Americas Blvd, Austin, TX 78617, United States",Soft,11,Medium,19,Medium,26,,,,,,,12,5,5.513 km,20,56,Dry,2016
Carlos Sainz,United States Grand Prix,"9206 Circuit of the Americas Blvd, Austin, TX 78617, United States",Super soft,11,Soft,19,Soft,26,,,,,,,10,6,5.513 km,20,56,Dry,2016
massa,United States Grand Prix,"9207 Circuit of the Americas Blvd, Austin, TX 78617, United States",Super soft,11,Soft,18,Medium,25,Super soft,1,,,,,9,7,5.513 km,20,56,Dry,2016
Sergio Perez,United States Grand Prix,"9208 Circuit of the Americas Blvd, Austin, TX 78617, United States",Super soft,10,Medium,17,Medium,28,,,,,,,11,8,5.513 km,20,56,Dry,2016
button,United States Grand Prix,"9209 Circuit of the Americas Blvd, Austin, TX 78617, United States",Super soft,10,Medium,18,Medium,27,,,,,,,19,9,5.513 km,20,56,Dry,2016
grosjean,United States Grand Prix,"9210 Circuit of the Americas Blvd, Austin, TX 78617, United States",Super soft,10,Soft,17,Medium,28,,,,,,,17,10,5.513 km,20,56,Dry,2016
kevin_magnussen,United States Grand Prix,"9211 Circuit of the Americas Blvd, Austin, TX 78617, United States",Soft,13,Soft,14,Medium,16,Super soft,12,,,,,18,11,5.513 km,20,56,Dry,2016
kvyat,United States Grand Prix,"9212 Circuit of the Americas Blvd, Austin, TX 78617, United States",Soft,21,Medium,34,,,,,,,,,13,12,5.513 km,20,56,Dry,2016
Jolyon Palmer,United States Grand Prix,"9213 Circuit of the Americas Blvd, Austin, TX 78617, United States",Soft,15,Soft,11,Medium,29,,,,,,,15,13,5.513 km,20,56,Dry,2016
ericsson,United States Grand Prix,"9214 Circuit of the Americas Blvd, Austin, TX 78617, United States",Soft,17,Medium,38,,,,,,,,,16,14,5.513 km,20,56,Dry,2016
Felipe Nasr,United States Grand Prix,"9215 Circuit of the Americas Blvd, Austin, TX 78617, United States",Medium,29,Soft,26,,,,,,,,,21,15,5.513 km,20,56,Dry,2016
bottas,United States Grand Prix,"9216 Circuit of the Americas Blvd, Austin, TX 78617, United States",Super soft,1,Soft,19,Medium,35,,,,,,,8,16,5.513 km,20,56,Dry,2016
Pascal Wehrlein,United States Grand Prix,"9217 Circuit of the Americas Blvd, Austin, TX 78617, United States",Soft,13,Medium,17,Medium,25,,,,,,,20,17,5.513 km,20,56,Dry,2016
Esteban Ocon,United States Grand Prix,"9218 Circuit of the Americas Blvd, Austin, TX 78617, United States",Medium,17,Soft,9,Soft,18,Super soft,10,,,,,22,18,5.513 km,20,56,Dry,2016
Kimi Raikkonen,United States Grand Prix,"9219 Circuit of the Americas Blvd, Austin, TX 78617, United States",Super soft,8,Soft,16,Super soft,14,,,,,,,5,DNF,5.513 km,20,56,Dry,2016
Max Verstappen,United States Grand Prix,"9220 Circuit of the Americas Blvd, Austin, TX 78617, United States",Soft,9,Soft,17,Medium,2,,,,,,,4,DNF,5.513 km,20,56,Dry,2016
Esteban Gutierrez,United States Grand Prix,"9221 Circuit of the Americas Blvd, Austin, TX 78617, United States",Soft,13,Soft,3,,,,,,,,,14,DNF,5.513 km,20,56,Dry,2016
Nico Hulkenberg,United States Grand Prix,"9222 Circuit of the Americas Blvd, Austin, TX 78617, United States",Super soft,1,,,,,,,,,,,7,DNF,5.513 km,20,56,Dry,2016
hamilton,Mexican Grand Prix,"Viad. R韔 de la Piedad S/n, Granjas M閤ico, Iztacalco, 08400 Ciudad de M閤ico, CDMX, Mexico",Soft,17,Medium,54,,,,,,,,,1,1,4.304 km,17,71,Dry,2016
rosberg,Mexican Grand Prix,"Viad. R韔 de la Piedad S/n, Granjas M閤ico, Iztacalco, 08400 Ciudad de M閤ico, CDMX, Mexico",Soft,20,Medium,51,,,,,,,,,2,2,4.304 km,17,71,Dry,2016
Max Verstappen,Mexican Grand Prix,"Viad. R韔 de la Piedad S/n, Granjas M閤ico, Iztacalco, 08400 Ciudad de M閤ico, CDMX, Mexico",Super soft,12,Medium,59,,,,,,,,,3,3,4.304 km,17,71,Dry,2016
vettel,Mexican Grand Prix,"Viad. R韔 de la Piedad S/n, Granjas M閤ico, Iztacalco, 08400 Ciudad de M閤ico, CDMX, Mexico",Soft,32,Medium,39,,,,,,,,,12,4,4.304 km,17,71,Dry,2016
ricciardo,Mexican Grand Prix,"Viad. R韔 de la Piedad S/n, Granjas M閤ico, Iztacalco, 08400 Ciudad de M閤ico, CDMX, Mexico",Super soft,1,Medium,49,Soft,21,,,,,,,7,5,4.304 km,17,71,Dry,2016
Kimi Raikkonen,Mexican Grand Prix,"Viad. R韔 de la Piedad S/n, Granjas M閤ico, Iztacalco, 08400 Ciudad de M閤ico, CDMX, Mexico",Soft,20,Medium,25,Medium,26,,,,,,,10,6,4.304 km,17,71,Dry,2016
Nico Hulkenberg,Mexican Grand Prix,"Viad. R韔 de la Piedad S/n, Granjas M閤ico, Iztacalco, 08400 Ciudad de M閤ico, CDMX, Mexico",Super soft,14,Medium,57,,,,,,,,,5,7,4.304 km,17,71,Dry,2016
bottas,Mexican Grand Prix,"Viad. R韔 de la Piedad S/n, Granjas M閤ico, Iztacalco, 08400 Ciudad de M閤ico, CDMX, Mexico",Super soft,19,Medium,52,,,,,,,,,4,8,4.304 km,17,71,Dry,2016
massa,Mexican Grand Prix,"Viad. R韔 de la Piedad S/n, Granjas M閤ico, Iztacalco, 08400 Ciudad de M閤ico, CDMX, Mexico",Super soft,14,Medium,57,,,,,,,,,19,9,4.304 km,17,71,Dry,2016
Sergio Perez,Mexican Grand Prix,"Viad. R韔 de la Piedad S/n, Granjas M閤ico, Iztacalco, 08400 Ciudad de M閤ico, CDMX, Mexico",Soft,20,Medium,51,,,,,,,,,11,10,4.304 km,17,71,Dry,2016
ericsson,Mexican Grand Prix,"Viad. R韔 de la Piedad S/n, Granjas M閤ico, Iztacalco, 08400 Ciudad de M閤ico, CDMX, Mexico",Soft,1,Medium,69,,,,,,,,,8,11,4.304 km,17,71,Dry,2016
button,Mexican Grand Prix,"Viad. R韔 de la Piedad S/n, Granjas M閤ico, Iztacalco, 08400 Ciudad de M閤ico, CDMX, Mexico",Soft,17,Medium,53,,,,,,,,,20,12,4.304 km,17,71,Dry,2016
alonso,Mexican Grand Prix,"Viad. R韔 de la Piedad S/n, Granjas M閤ico, Iztacalco, 08400 Ciudad de M閤ico, CDMX, Mexico",Soft,16,Medium,29,Soft,25,,,,,,,18,13,4.304 km,17,71,Dry,2016
Jolyon Palmer,Mexican Grand Prix,"Viad. R韔 de la Piedad S/n, Granjas M閤ico, Iztacalco, 08400 Ciudad de M閤ico, CDMX, Mexico",Super soft,1,Medium,69,,,,,,,,,14,14,4.304 km,17,71,Dry,2016
Carlos Sainz Jnr,Mexican Grand Prix,"Viad. R韔 de la Piedad S/n, Granjas M閤ico, Iztacalco, 08400 Ciudad de M閤ico, CDMX, Mexico",Super soft,12,Medium,58,,,,,,,,,16,15,4.304 km,17,71,Dry,2016
Felipe Nasr,Mexican Grand Prix,"Viad. R韔 de la Piedad S/n, Granjas M閤ico, Iztacalco, 08400 Ciudad de M閤ico, CDMX, Mexico",Medium,49,Super soft,21,,,,,,,,,13,16,4.304 km,17,71,Dry,2016
kvyat,Mexican Grand Prix,"Viad. R韔 de la Piedad S/n, Granjas M閤ico, Iztacalco, 08400 Ciudad de M閤ico, CDMX, Mexico",Soft,13,Soft,34,Super soft,23,,,,,,,17,17,4.304 km,17,71,Dry,2016
kevin_magnussen,Mexican Grand Prix,"Viad. R韔 de la Piedad S/n, Granjas M閤ico, Iztacalco, 08400 Ciudad de M閤ico, CDMX, Mexico",Soft,12,Medium,39,Super soft,19,,,,,,,9,18,4.304 km,17,71,Dry,2016
Esteban Gutierrez,Mexican Grand Prix,"Viad. R韔 de la Piedad S/n, Granjas M閤ico, Iztacalco, 08400 Ciudad de M閤ico, CDMX, Mexico",Soft,12,Medium,36,Soft,22,,,,,,,21,19,4.304 km,17,71,Dry,2016
grosjean,Mexican Grand Prix,"Viad. R韔 de la Piedad S/n, Granjas M閤ico, Iztacalco, 08400 Ciudad de M閤ico, CDMX, Mexico",Soft,11,Medium,39,Soft,20,,,,,,,6,20,4.304 km,17,71,Dry,2016
Esteban Ocon,Mexican Grand Prix,"Viad. R韔 de la Piedad S/n, Granjas M閤ico, Iztacalco, 08400 Ciudad de M閤ico, CDMX, Mexico",Soft,15,Medium,54,,,,,,,,,15,21,4.304 km,17,71,Dry,2016
Pascal Wehrlein,Mexican Grand Prix,"Viad. R韔 de la Piedad S/n, Granjas M閤ico, Iztacalco, 08400 Ciudad de M閤ico, CDMX, Mexico",,,,,,,,,,,,,16,DNF,4.304 km,17,71,Dry,2016
hamilton,Brazilian Grand Prix,"Av. Sen. Teot么nio Vilela, 261 - Interlagos, S茫o Paulo - SP, 04801-010, Brazil",Wet,20,Wet,8,Wet,43,,,,,,,1,1,4.309 km,15,71,Wet,2016
rosberg,Brazilian Grand Prix,"Av. Sen. Teot么nio Vilela, 261 - Interlagos, S茫o Paulo - SP, 04801-010, Brazil",Wet,20,Wet,8,Wet,43,,,,,,,2,2,4.309 km,15,71,Wet,2016
Max Verstappen,Brazilian Grand Prix,"Av. Sen. Teot么nio Vilela, 261 - Interlagos, S茫o Paulo - SP, 04801-010, Brazil",Wet,13,Intermediate,7,Wet,8,Wet,15,Intermediate,11,Wet,17,3,3,4.309 km,15,71,Wet,2016
Sergio Perez,Brazilian Grand Prix,"Av. Sen. Teot么nio Vilela, 261 - Interlagos, S茫o Paulo - SP, 04801-010, Brazil",Wet,20,Wet,8,Wet,43,,,,,,,9,4,4.309 km,15,71,Wet,2016
vettel,Brazilian Grand Prix,"Av. Sen. Teot么nio Vilela, 261 - Interlagos, S茫o Paulo - SP, 04801-010, Brazil",Wet,10,Intermediate,10,Wet,8,Wet,43,,,,,5,5,4.309 km,15,71,Wet,2016
Carlos Sainz,Brazilian Grand Prix,"Av. Sen. Teot么nio Vilela, 261 - Interlagos, S茫o Paulo - SP, 04801-010, Brazil",Wet,20,Wet,8,Wet,43,,,,,,,15,6,4.309 km,15,71,Wet,2016
Nico Hulkenberg,Brazilian Grand Prix,"Av. Sen. Teot么nio Vilela, 261 - Interlagos, S茫o Paulo - SP, 04801-010, Brazil",Wet,20,Wet,2,Wet,6,Wet,43,,,,,8,7,4.309 km,15,71,Wet,2016
ricciardo,Brazilian Grand Prix,"Av. Sen. Teot么nio Vilela, 261 - Interlagos, S茫o Paulo - SP, 04801-010, Brazil",Wet,13,Intermediate,7,Wet,8,Wet,12,Intermediate,12,Wet,19,6,8,4.309 km,15,71,Wet,2016
Felipe Nasr,Brazilian Grand Prix,"Av. Sen. Teot么nio Vilela, 261 - Interlagos, S茫o Paulo - SP, 04801-010, Brazil",Wet,20,Wet,8,Wet,43,,,,,,,21,9,4.309 km,15,71,Wet,2016
alonso,Brazilian Grand Prix,"Av. Sen. Teot么nio Vilela, 261 - Interlagos, S茫o Paulo - SP, 04801-010, Brazil",Wet,9,Intermediate,11,Wet,8,Wet,43,,,,,10,10,4.309 km,15,71,Wet,2016
bottas,Brazilian Grand Prix,"Av. Sen. Teot么nio Vilela, 261 - Interlagos, S茫o Paulo - SP, 04801-010, Brazil",Wet,9,Intermediate,11,Wet,8,Wet,10,Intermediate,33,,,11,11,4.309 km,15,71,Wet,2016
Esteban Ocon,Brazilian Grand Prix,"Av. Sen. Teot么nio Vilela, 261 - Interlagos, S茫o Paulo - SP, 04801-010, Brazil",Wet,20,Wet,8,Wet,43,,,,,,,22,12,4.309 km,15,71,Wet,2016
kvyat,Brazilian Grand Prix,"Av. Sen. Teot么nio Vilela, 261 - Interlagos, S茫o Paulo - SP, 04801-010, Brazil",Wet,9,Intermediate,8,Intermediate,3,Wet,8,Wet,43,,,14,13,4.309 km,15,71,Wet,2016
kevin_magnussen,Brazilian Grand Prix,"Av. Sen. Teot么nio Vilela, 261 - Interlagos, S茫o Paulo - SP, 04801-010, Brazil",Wet,7,Intermediate,13,Wet,8,Wet,13,Intermediate,30,,,18,14,4.309 km,15,71,Wet,2016
Pascal Wehrlein,Brazilian Grand Prix,"Av. Sen. Teot么nio Vilela, 261 - Interlagos, S茫o Paulo - SP, 04801-010, Brazil",Wet,20,Wet,8,Wet,24,Wet,19,,,,,19,15,4.309 km,15,71,Wet,2016
button,Brazilian Grand Prix,"Av. Sen. Teot么nio Vilela, 261 - Interlagos, S茫o Paulo - SP, 04801-010, Brazil",Wet,8,Intermediate,12,Wet,8,Wet,6,Intermediate,10,Wet,27,17,16,4.309 km,15,71,Wet,2016
Esteban Gutierrez,Brazilian Grand Prix,"Av. Sen. Teot么nio Vilela, 261 - Interlagos, S茫o Paulo - SP, 04801-010, Brazil",Wet,12,Intermediate,8,Wet,8,Wet,32,,,,,17,DNF,4.309 km,15,71,Wet,2016
massa,Brazilian Grand Prix,"Av. Sen. Teot么nio Vilela, 261 - Interlagos, S茫o Paulo - SP, 04801-010, Brazil",Wet,9,Intermediate,11,Wet,8,Wet,3,Intermediate,15,,,13,DNF,4.309 km,15,71,Wet,2016
Jolyon Palmer,Brazilian Grand Prix,"Av. Sen. Teot么nio Vilela, 261 - Interlagos, S茫o Paulo - SP, 04801-010, Brazil",Wet,9,Intermediate,8,Wet,3,,,,,,,16,DNF,4.309 km,15,71,Wet,2016
Kimi Raikkonen,Brazilian Grand Prix,"Av. Sen. Teot么nio Vilela, 261 - Interlagos, S茫o Paulo - SP, 04801-010, Brazil",Wet,19,,,,,,,,,,,3,DNF,4.309 km,15,71,Wet,2016
ericsson,Brazilian Grand Prix,"Av. Sen. Teot么nio Vilela, 261 - Interlagos, S茫o Paulo - SP, 04801-010, Brazil",Wet,9,Intermediate,2,,,,,,,,,20,DNF,4.309 km,15,71,Wet,2016
hamilton,Abu Dhabi Grand Prix,Yas Marina Circuit - Yas Island - Abu Dhabi - United Arab Emirates,Ultra soft,7,Soft,21,Soft,27,,,,,,,1,1,5.554 km,21,55,Dry,2016
rosberg,Abu Dhabi Grand Prix,Yas Marina Circuit - Yas Island - Abu Dhabi - United Arab Emirates,Ultra soft,8,Soft,21,Soft,26,,,,,,,2,2,5.554 km,21,55,Dry,2016
vettel,Abu Dhabi Grand Prix,Yas Marina Circuit - Yas Island - Abu Dhabi - United Arab Emirates,Ultra soft,8,Soft,29,Super soft,18,,,,,,,5,3,5.554 km,21,55,Dry,2016
Max Verstappen,Abu Dhabi Grand Prix,Yas Marina Circuit - Yas Island - Abu Dhabi - United Arab Emirates,Super soft,21,Soft,34,,,,,,,,,6,4,5.554 km,21,55,Dry,2016
ricciardo,Abu Dhabi Grand Prix,Yas Marina Circuit - Yas Island - Abu Dhabi - United Arab Emirates,Super soft,9,Soft,15,Soft,31,,,,,,,3,5,5.554 km,21,55,Dry,2016
Kimi Raikkonen,Abu Dhabi Grand Prix,Yas Marina Circuit - Yas Island - Abu Dhabi - United Arab Emirates,Ultra soft,7,Soft,18,Soft,30,,,,,,,4,6,5.554 km,21,55,Dry,2016
Nico Hulkenberg,Abu Dhabi Grand Prix,Yas Marina Circuit - Yas Island - Abu Dhabi - United Arab Emirates,Ultra soft,8,Soft,18,Soft,29,,,,,,,7,7,5.554 km,21,55,Dry,2016
Sergio Perez,Abu Dhabi Grand Prix,Yas Marina Circuit - Yas Island - Abu Dhabi - United Arab Emirates,Ultra soft,9,Soft,18,Soft,28,,,,,,,8,8,5.554 km,21,55,Dry,2016
massa,Abu Dhabi Grand Prix,Yas Marina Circuit - Yas Island - Abu Dhabi - United Arab Emirates,Ultra soft,8,Soft,22,Soft,25,,,,,,,10,9,5.554 km,21,55,Dry,2016
alonso,Abu Dhabi Grand Prix,Yas Marina Circuit - Yas Island - Abu Dhabi - United Arab Emirates,Ultra soft,7,Soft,31,Super soft,17,,,,,,,9,10,5.554 km,21,55,Dry,2016
grosjean,Abu Dhabi Grand Prix,Yas Marina Circuit - Yas Island - Abu Dhabi - United Arab Emirates,Soft,20,Soft,18,Super soft,17,,,,,,,14,11,5.554 km,21,55,Dry,2016
Esteban Gutierrez,Abu Dhabi Grand Prix,Yas Marina Circuit - Yas Island - Abu Dhabi - United Arab Emirates,Super soft,8,Soft,20,Soft,27,,,,,,,13,12,5.554 km,21,55,Dry,2016
Esteban Ocon,Abu Dhabi Grand Prix,Yas Marina Circuit - Yas Island - Abu Dhabi - United Arab Emirates,Soft,22,Soft,14,Super soft,18,,,,,,,20,13,5.554 km,21,55,Dry,2016
Pascal Wehrlein,Abu Dhabi Grand Prix,Yas Marina Circuit - Yas Island - Abu Dhabi - United Arab Emirates,Ultra soft,6,Soft,18,Soft,30,,,,,,,16,14,5.554 km,21,55,Dry,2016
ericsson,Abu Dhabi Grand Prix,Yas Marina Circuit - Yas Island - Abu Dhabi - United Arab Emirates,Soft,38,Super soft,16,,,,,,,,,22,15,5.554 km,21,55,Dry,2016
Felipe Nasr,Abu Dhabi Grand Prix,Yas Marina Circuit - Yas Island - Abu Dhabi - United Arab Emirates,Super soft,7,Soft,29,Soft,18,,,,,,,19,16,5.554 km,21,55,Dry,2016
Jolyon Palmer,Abu Dhabi Grand Prix,Yas Marina Circuit - Yas Island - Abu Dhabi - United Arab Emirates,Ultra soft,7,Soft,14,Soft,20,Super soft,13,,,,,15,17,5.554 km,21,55,Dry,2016
Carlos Sainz,Abu Dhabi Grand Prix,Yas Marina Circuit - Yas Island - Abu Dhabi - United Arab Emirates,Super soft,6,Soft,22,Soft,13,,,,,,,21,DNF,5.554 km,21,55,Dry,2016
kvyat,Abu Dhabi Grand Prix,Yas Marina Circuit - Yas Island - Abu Dhabi - United Arab Emirates,Super soft,8,Soft,6,,,,,,,,,17,DNF,5.554 km,21,55,Dry,2016
button,Abu Dhabi Grand Prix,Yas Marina Circuit - Yas Island - Abu Dhabi - United Arab Emirates,Soft,12,,,,,,,,,,,21,DNF,5.554 km,21,55,Dry,2016
bottas,Abu Dhabi Grand Prix,Yas Marina Circuit - Yas Island - Abu Dhabi - United Arab Emirates,Ultra soft,6,,,,,,,,,,,11,DNF,5.554 km,21,55,Dry,2016
kevin_magnussen,Abu Dhabi Grand Prix,Yas Marina Circuit - Yas Island - Abu Dhabi - United Arab Emirates,Soft,1,Soft,4,,,,,,,,,18,DNF,5.554 km,21,55,Dry,2016
